cseq;컨텐츠아이디;캠핑장이름;useyn
1;10;(주)아웃오브파크;y
2;100000;파크킹;y
3;100001;봉즈살롱;y
4;100002;힐링피아 카라반 글램핑 풀 캠핑장;y
5;100003;우니메이카 태안점;y
6;100004;뇌운계곡글램핑;y
7;100005;충주 비내캠프 체험학습장;y
8;100006;솔비치캠핑장;y
9;100007;가온오토캠핑장;y
10;100008;림스 글램핑;y
11;100009;호미곶유니의바다 카라반캠핑장;y
12;100010;예손캠핑장;y
13;100011;(주)웨이브파크;y
14;100012;포에스카라반파크;y
15;100013;약수동산;y
16;100014;학암포글램핑;y
17;100015;더예감스테이;y
18;100016;캠프더포레;y
19;100017;태그하우스;y
20;100019;양지뜰캠핑장;y
21;100020;우리들캠핑장;y
22;100021;밤벌캠핑장;y
23;100022;청춘캠핑장;y
24;100023;단아한;y
25;100025;고래불해수욕장(병곡지구) 야영장;y
26;100026;다시캠핑장;y
27;100027;산내들캠프;y
28;100028;고래불해수욕장(영리지구) 야영장;y
29;100029;빗소리야영장;y
30;100031;화성시 매송 오토캠핑장;y
31;100032;캠핑느루;y
32;100033;자작도캠핑장;y
33;100035;오렌지캠프;y
34;100036;웰니스 권역 야영장;y
35;100037;캠프고일리;y
36;100038;하늘아래 야영장;y
37;100039;명파리해변야영장;y
38;100040;경주 캠핑573;y
39;100041;염전해변캠핑장;y
40;100042;월성자연캠핑야영장;y
41;100043;백석탄골부리캠핑장;y
42;100044;박달재초록꿈캠핑체험장;y
43;100045;읍내리 75-1 캠핑장;y
44;100046;바다야영장;y
45;100047;성요셉치유마을 야영장;y
46;100048;변산해수욕장 야영장;y
47;100049;천주봉 캠핑장;y
48;100053;FLOW 11 야영장;y
49;100054;우니메이카 산청점;y
50;100056;운악산 글램핑;y
51;100057;수원 솔내음 캠핑장;y
52;100058;월악파머스캠핑장;y
53;100061;서리실 힐링 가족캠핑장;y
54;100062;하늘땅카라반;y
55;100064;노랑카라반;y
56;100065;세움내움;y
57;100066;포천 글램파크 캠핑장;y
58;100067;화천드림캠핑장;y
59;100068;담터오지글램핑;y
60;100069;메이플글램핑&카라반;y
61;100070;신두57캠핑&글램핑;y
62;100071;민트글램핑;y
63;100072;에프앤에프캠핑;y
64;100073;카이로스오토야영장;y
65;100074;한마음캠핑플레이스;y
66;100075;남해금산오토캠핑장;y
67;100076;알로프랑스;y
68;100077;야한 캠핑장;y
69;100078;소노팜;y
70;100080;홍천 반딧불캠핑장;y
71;100081;영흥도어울림캠핑장;y
72;100082;당사현대차오션캠프;y
73;100083;파인벨리펜션 글램핑 2호점;y
74;100084;숲이야기;y
75;100085;큰빛내 야영장;y
76;100086;노마드글램핑;y
77;100087;하얀보트;y
78;100088;은하수 관광농원;y
79;100089;백암온천마을 영농조합법인 야영장;y
80;100090;가리벨리캠핑장;y
81;100091;에이미캠핑장;y
82;100093;비토애글램핑2호점(BITOLUV GLAMPING Season2);y
83;100094;캠핑679;y
84;100095;더모스트 글램핑;y
85;100096;젠틀펫 파라다이스;y
86;100097;아이프로방스;y
87;100098;사천 케이블카 자연휴양림;y
88;100099;진악산오토캠핑장;y
89;100100;라라캠핑장;y
90;100101;속리산풍경캠핑장;y
91;100102;오색 산새소리캠핑장;y
92;100103;파주캠핑장;y
93;100104;느티담길 캠핑장;y
94;100105;이천 인휴 글램핑;y
95;100106;속리산 시어동 캠핑장;y
96;100107;바다다 캠핑장;y
97;100108;대룡산 오토캠핑장;y
98;100109;무수아취;y
99;100110;오늘 여기 카라반;y
100;100111;캠프 올모;y
101;100112;스타밸리캠핑장;y
102;100113;힐사이드인가평 글램핑&캠핑;y
103;100114;천지 글램핑;y
104;100115;비건캠핑;y
105;100117;별밤캠핑장;y
106;100118;동산오토캠핑장;y
107;100119;글램핑포엠;y
108;100120;캠프파크 자동차 야영장;y
109;100121;다울관광농원 야영장;y
110;100122;라피;y
111;100123;아리아리 숲속의 야영장;y
112;100124;느루 캠핑장;y
113;100125;우니메이카 단양점;y
114;100126;수리바위 캠핑정원;y
115;100127;더오창호;y
116;100128;숲속의아침;y
117;100129;둥지캠핑장;y
118;100130;개랭이 오토 캠핑장;y
119;100131;또바기 스파글램핑;y
120;100132;에코팜 부설 오토캠핑장;y
121;100133;한별 도그파크;y
122;100134;양양 솔바다 캠핑장;y
123;100135;곰섬캠핑장 2구역;y
124;100136;노문 야영장;y
125;100137;부엉캠핑클럽;y
126;100138;구화산BBQ;y
127;100139;지리산365오토캠핑펜션;y
128;100140;땡땡이글램핑;y
129;100141;달빛정원글램핑&카라반;y
130;100142;산내956;y
131;100143;포천 라온글램핑&오토캠핑장;y
132;100144;인천청라국제도시 해변공원캠핑장;y
133;100145;무수캠핑장;y
134;100146;세븐캠핑장;y
135;100147;아우내관광농원캠핑장;y
136;100148;레끄레오캠핑장;y
137;100149;아메리카 RV CAMP PARK;y
138;100150;엠와이힐링캠핑장;y
139;100151;운악184;y
140;100152;나무야나무야캠핑장;y
141;100153;우니메이카 철원점;y
142;100154;꾸네오 캠핑장;y
143;100155;그리심 글램핑장;y
144;100156;리틀보이 캠핑장;y
145;100157;가평 글램핑 사그막 끝마을;y
146;100158;아틴마루 야영장;y
147;100159;보물나라캠프;y
148;100160;별내린캠핑;y
149;100161;스톤 캠핑장;y
150;100162;드론스포츠코리아;y
151;100163;평화숲;y
152;100164;파주 눌노리 체험 캠핑장;y
153;100165;산앤호반 캠핑장;y
154;100166;몽리치;y
155;100167;스테이 272;y
156;100168;솔부엉이 캠핑장;y
157;100169;영흥소장골야영장;y
158;100170;사발소캠핑장;y
159;100171;영흥도십리포캠핑장;y
160;100172;하비비캠핑장;y
161;100173;스테리움 제천;y
162;100174;봄봄캠핑;y
163;100175;산속에 관광농원;y
164;100176;화양숲노리캠핑장;y
165;100177;양양고인돌캠프;y
166;100178;정선 도원펜션&캠핑장;y
167;100179;영월가자 펜션&캠핑장;y
168;100181;캠프여주;y
169;100182;솔가람 캠핑장;y
170;100183;라이프위드도그;y
171;100184;메기의 추억;y
172;100185;아름다운 농원;y
173;100186;(가)꽃향기;y
174;100187;자연과힐링;y
175;100188;황우거주식회사;y
176;100189;카캠 그라운드;y
177;100190;솔잎향캠핑파크;y
178;100191;화순돔아일랜드;y
179;100192;라라캠핑장;y
180;100193;선장포협동조합;y
181;100194;더존 관광농원;y
182;100195;물바람캠핑장;y
183;100196;을왕리 솔트 캠핑장;y
184;100197;(주)백동소풍가는길;y
185;100198;오아시스정글;y
186;100199;사노리숲캠핑장;y
187;100200;별밤 글램핑;y
188;100201;글램인스타;y
189;100202;가평조이글램핑;y
190;100203;둥그레휴양마을;y
191;100204;캠프 고토일;y
192;100205;마을야영장, 침산추월;y
193;100206;경상북도교육청김천오토캠핑장	;y
194;100207;호두마루글램핑;y
195;100208;차밍캠핑;y
196;100209;관광농원금산만악리수목원오토캠핑장;y
197;100210;그린앤블루;y
198;100211;카라반파크 아마존;y
199;100212;밀양 도깨비방망이 캠핑장;y
200;100213;명덕농원;y
201;100215;교육가족체험장;y
202;100216;장흥군 수문랜드 블루투어;y
203;100217;김천실내테니스장 & 김천오토캠핑장;y
204;100218;김천맑은계곡 오토캠핑장;y
205;100219;우니메이카 당진점;y
206;100220;호미곶 고래마을 캠핑장;y
207;100221;그자리 야영장;y
208;100222;우니메이카 안동점;y
209;100223;팔공 쉼터 야영장;y
210;100224;우니메이카 밀양점;y
211;100225;하늘빛;y
212;100227;르쏠레이475카페 야영장;y
213;100228;경상북도교육청 포항산누리오토캠핑장;y
214;100230;스칼라캠프장;y
215;100231;가평 리오카라반;y
216;100232;라온힐야영장;y
217;100233;해밀터;y
218;100234;산마루카라반;y
219;100235;위더스글램핑;y
220;100236;윤 오토캠핑장;y
221;100237;강변글램핑;y
222;100238;카사비앙카;y
223;100239;단아하우스;y
224;100240;이숲e랜드 야영장;y
225;100241;담터라온글램핑;y
226;100242;라라플레이스;y
227;100243;캐닌힐스(CANINHILLS);y
228;100244;폴라데이 캠핑장;y
229;100245;남해 힐링국민여가캠핑장;y
230;100246;펫앤트리;y
231;100247;남한산성 캠핑장;y
232;100248;선재해림 카라반;y
233;100249;철원포레스트;y
234;100250;매향 오토 캠핑장;y
235;100251;거금도 청석 오토캠핑장;y
236;100252;영덕 디아로 글램핑장;y
237;100253;쿠 야영장;y
238;100254;공둘 캠핑장(02);y
239;100255;월명612;y
240;100256;우리오토캠핑장;y
241;100257;심천치유자연휴양림야영장;y
242;100258;배방관광농원;y
243;100259;용소유원지 야영장;y
244;100260;일상화 글램핑;y
245;100261;트멍 캠핑장;y
246;100262;호랑이캠핑;y
247;100263;금옥골 숲속작은마을;y
248;100264;대장이랜드 농촌체험휴양마을;y
249;100265;캠프627;y
250;100266;안면도마린오토캠핑장;y
251;100267;경상북도교육청 영덕오토캠핑장;y
252;100268;더파인캠핑;y
253;100269;초리풍경;y
254;100270;오블리비아테;y
255;100271;진천포레스트캠핑장;y
256;100272;더 하루만 캠핑장;y
257;100273;숲에안기다;y
258;100274;나정고운모래해변 오토캠핑장;y
259;100275;마린힐캠핑장;y
260;100276;청계호수 자작나무숲 캠핑장;y
261;100277;모란골관광농원;y
262;100278;더빌리지캠핑장;y
263;100279;황토둥지캠핑체험장;y
264;100280;휘명빌리지;y
265;100281;솔내음캠핑장;y
266;100282;주원캠핑장;y
267;100283;리버앤캠프;y
268;100284;꽃댕이오토캠핑장;y
269;100285;한산도 충무공교실 야영장;y
270;100286;준삼형제글램핑;y
271;100287;캠프게이트 청평 카라반&캠핑;y
272;100288;글램조이(GLAMJOI);y
273;100289;가델관광농원;y
274;100290;위드독스in포천;y
275;100291;썬오브글램핑;y
276;100292;(주)더사칠공 야영장;y
277;100293;캠앤캠아지트;y
278;100294;해가빛 캠핑장;y
279;100295;원산도비치캠핑장;y
280;100296;여수경도펜션카라반;y
281;100297;양평온누리캠핑장;y
282;100298;캠핑808;y
283;100299;두부삼촌캠프;y
284;100300;사계오토캠핑장;y
285;100301;속리산365캠핑장;y
286;100302;아린 글램핑;y
287;100303;영월 엄둔밸리 계곡캠핑장 ;y
288;100304;약초농원 야영장;y
289;100305;부싯돌 캠핑;y
290;100306;반가운캠핑장;y
291;100307;포레스트힐링캠프;y
292;100308;지맨 카라반파크;y
293;100309;해그라미;y
294;100311;캠핑스토리;y
295;100312;호노골 캠핑장;y
296;100313;오롯하다 키즈글램핑 가평;y
297;100314;누리별 캠핑장;y
298;100315;별빛뜰애;y
299;100316;옥천1382;y
300;100317;제천J글램핑;y
301;100318;캠프 애니말;y
302;100319;하선암 카라반 야영장;y
303;100320;고성 탑 글램핑 농원;y
304;100321;까치산 체험관광농원;y
305;100322;7BLOCK(세븐블럭);y
306;100323;달사랑 캠핑장;y
307;100324;어썸캠핑장;y
308;100325;아우어캄푸스;y
309;100326;K-글램핑 애월점;y
310;100327;토마스캠프&레드캐빈;y
311;100328;한천관광농원야영장;y
312;100329;어은돌힐링야영장;y
313;100330;어은돌오토캠핑장;y
314;100331;용바위야영장;y
315;100332;하동하늘숲캠핑장;y
316;100333;홍스랜드 글램핑;y
317;100334;포유카라반파크;y
318;100335;오솔길 오토 캠핑장;y
319;100336;안성 별숲 캠핑장;y
320;100337;따봄;y
321;100338;경산 갓바위캠핑장;y
322;100339;부항댐 생태휴양펜션;y
323;100340;유명산밸리 캠핑장;y
324;100341;나아정;y
325;100342;골드바베큐 당일캠핑장;y
326;100343;코코캠핑;y
327;100344;숲속에 머물다;y
328;100345;고든남 글램핑 & 셀프바베큐;y
329;100346;캠프 오어즈;y
330;100347;한자루체험농원(휴앤아크);y
331;100348;산들내캠핑장;y
332;100349;청포대 일등캠핑장;y
333;100350;삼척안뜰캠핑장;y
334;100351;엉클킴스 캠핑장;y
335;100352;곡성달빛 야영장;y
336;100353;프라이빗 캠프닉;y
337;100354;소풍;y
338;100355;팜앤투어 캠핑장;y
339;100356;리틀 포레스트 캠핑;y
340;100357;유명산 258;y
341;100358;대야산 오토 캠핑장;y
342;100359;캠핑플레이스 포천점;y
343;100360;세이지 힐 캠핑장;y
344;100361;리앤업파크타운;y
345;100362;산바다 캠핑장;y
346;100363;펜캠2495체험학교;y
347;100364;스테리움 서천;y
348;100365;둥근돌캠핑장;y
349;100366;또바기캠핑장;y
350;100367;시간의바깥;y
351;100368;여울카라반;y
352;100369;포도밸리 캠핑장;y
353;100370;포천그린별캠핑장;y
354;100371;서산벌천포캠핑장;y
355;100372;울미숲야영장;y
356;100373;도그랜드 캠핑장;y
357;100375;온드림캠프;y
358;100376;camp 80;y
359;100377;왕산골 관광농원;y
360;100378;종달 바베큐 캠핑;y
361;100379;신박힐링캠프;y
362;100380;강천캠핑장;y
363;100381;산너미목장;y
364;100382;선도리 갯벌 글램핑장;y
365;100383;리우 캠핑장;y
366;100384;대둔산 양촌 벤자민 글램핑;y
367;100385;상동 선바위골 국민여가캠핑장;y
368;100386;힐링캠프 제이앤엘(J&L);y
369;100387;헤이캠프클럽;y
370;100388;포레스트캐빈앤캠프;y
371;100389;두더지CAMP;y
372;100390;그날이오면;y
373;100391;캠핑플레이;y
374;100392;벅스글램핑;y
375;100393;어반티지 캠핑장;y
376;100394;홀리데이캠핑파크;y
377;100395;가평캠핑장;y
378;100396;스마일캠핑장;y
379;100397;레저빌봉산;y
380;100398;반딧불이;y
381;100399;보랏빛오토캠핑장;y
382;100400;청도 사계절 캠핑장;y
383;100401;캠프원;y
384;100402;슈가스파글램핑;y
385;100403;가든글램핑 캠핑장;y
386;100404;엣더몬;y
387;100405;우니메이카 강화점;y
388;100406;은하수야영캠핑장;y
389;100407;잣숲캠핑장;y
390;100408;파인벨리펜션 글램핑;y
391;100410;윈드힐캠핑장;y
392;100411;청도자연휴양림;y
393;100412;라라랜드;y
394;100413;또보리 캠프;y
395;100414;명암539펜션오토캠핑장;y
396;100415;메이플글램핑카라반2호점;y
397;100416;더자리;y
398;100417;용화산테마파크 캠핑장;y
399;100418;그로브(grove)캠핑;y
400;100419;여우하우야영장;y
401;100420;히든캠프;y
402;100421;스탈릿캠핑펜션;y
403;100422;녹고뫼캠핑장 관광농원;y
404;100423;신불산 베이스캠프 오토캠핑장;y
405;100424;올레유;y
406;100425;캠핑가는 날;y
407;100426;I(아이)캠핑;y
408;100427;산달바다 캠핑장;y
409;100428;(주)드윌;y
410;100429;신월리 오토캠핑장;y
411;100430;원시관광농원;y
412;100431;한탄강 카누 캠핑장;y
413;100432;무지개캠핑장;y
414;100433;별보다글램핑;y
415;100434;홀통183 캠핑장;y
416;100435;하조대 슈퍼카라반;y
417;100436;토로캠핑;y
418;100437;485캠핑장;y
419;100438;알프스펜션 캠핑&글램핑;y
420;100439;가평자작나무글램핑앤캠핑;y
421;100440;북두칠성;y
422;100441;캠프99;y
423;100442;JIAN;y
424;100443;휴 오토 캠핑장;y
425;100444;불국사 한옥 글램핑;y
426;100445;달별캠핑;y
427;100446;아르테오스 빌리지;y
428;100447;현대야영장;y
429;100448;밤부 사운드 캠핑장;y
430;100449;스테이온디엣지;y
431;100450;상동 장산 야영장;y
432;100451;소리의섬;y
433;100452;캠핑드림캠핑장;y
434;100453;여유캠핑장;y
435;100454;감포산업개발;y
436;100455;지리산 가는길 903 캠핑장;y
437;100456;알지캠프266;y
438;100457;문두리 캠핑장;y
439;100458;우주캠프;y
440;100459;화왕산오토캠핑장;y
441;100460;pause 글램핑;y
442;100461;블루밍 캠핑장;y
443;100462;인디언숲 캠프닉;y
444;100463;고라니 오토캠핑장;y
445;100464;도그팰리스 애견동반글램핑;y
446;100465;도담캠핑장;y
447;100466;수피아글램핑펜션;y
448;100467;돌고래 오토 캠핑장;y
449;100468;아워 포레스트;y
450;100469;지투(G2) 캠핑장;y
451;100470;아산스파포레;y
452;100471;새솔캠핑장&펜션;y
453;100472;금산 자연 오토캠핑장;y
454;100473;노을숲캠핑장;y
455;100474;산중계곡캠핑장;y
456;100475;육백고지 캠핑장;y
457;100476;비발디 캠핑파크 설악오색점;y
458;100478;라구나캠프;y
459;100479;리버파크;y
460;100480;캠프 우든브릿지;y
461;100481;주천강 캠핑장;y
462;100482;포천 땡큐247 캠핑장;y
463;100483;테라스527 캠핑장;y
464;100484;펫글램핑;y
465;100485;블루아일랜드 캠핑장;y
466;100486;무흘구곡펜션 야영장;y
467;100487;지리산둥지 야영장;y
468;100488;북두칠성캠핑장;y
469;100489;은고개 캠핑장;y
470;100490;그린글램핑;y
471;100491;캠핑힐(Camping hill);y
472;100492;달그린캠프;y
473;100493;블루카라반 캠핑장;y
474;100494;십승지힐링캠핑장;y
475;100496;오호(OHO!) 캠핑장;y
476;100498;칠봉두루뭉캠핑장;y
477;100499;반달곰이 살던 숲;y
478;100500;그리고 캠핑장;y
479;100501;남서야영장;y
480;100502;알프스캠핑;y
481;100503;세모글램핑장;y
482;100504;은성낚시공원캠핑장;y
483;100505;토우마루캠핑장;y
484;100506;플레이방 월드;y
485;100507;더힐링식물원 야영장;y
486;100508;캠핑에 바나나;y
487;100509;가평 구름산 카라반;y
488;100510;지금쉬다;y
489;100511;우디안캠핑;y
490;100512;일루 글램핑 스파;y
491;100513;캠핑가는 날;y
492;100514;바다랑 캠핑장;y
493;100515;더 상상 글램핑;y
494;100516;(주)구들택 겨울숲 지점;y
495;100517;태양힐링숲;y
496;100520;소백산자연누리야영장;y
497;100521;대포숲캠핑장;y
498;100522;동작휴스테이;y
499;100523;노블레스 글렘핑 카라반;y
500;100524;평화누리체험장;y
501;100525;소설악 가족 캠핑장;y
502;100526;라온밸리캠핑장;y
503;100528;월아산 자연휴양림;y
504;100529;캠핑온유;y
505;100531;온새미로;y
506;100532;관악산 계곡 캠핑장;y
507;100533;바다랑캠핑장;y
508;100534;합천 머물당 글램핑;y
509;100536;Y글램핑;y
510;100537;봉봉카라반;y
511;100538;남해 포레스 오토캠핑장;y
512;100539;운일암개미캠핑장;y
513;100540;캠핑사이다 가평 은빛물결점;y
514;100541;하늘소리 캠프;y
515;100542;파라반;y
516;100543;반딧불 캠핑장;y
517;100544;꿈꾸는바다캠핑장;y
518;100545;버드글램핑;y
519;100546;다올숲;y
520;100547;캠프하다;y
521;100548;더 담다;y
522;100549;moon(문글램핑);y
523;100550;한계2리 솔밭야영장;y
524;100551;태백산국립공원 소도야영장;y
525;100552;강주학교캠프;y
526;100553;우리고향 캠핑장;y
527;100554;숩쏙캠핑장;y
528;100555;스마일 캠핑장;y
529;100556;산산캠핑;y
530;100557;햇골글램핑;y
531;100558;어은돌최고캠핑장;y
532;100560;논논캠프;y
533;100561;서천 장항글램핑장;y
534;100562;유성야영장 뱀브스힐;y
535;100563;봉구 캠핑장;y
536;100565;썬캠프;y
537;100566;스테이 인터뷰 금산;y
538;100568;내린천 글램핑;y
539;100569;해목글램핑;y
540;100571;홍천도새울캠핑장;y
541;100572;향수 오토캠핑장;y
542;100573;도기도기캠프;y
543;100574;더뷰인비토;y
544;100575;도토리 캠핑장;y
545;100576;보물섬 글램핑;y
546;100577;오손도손캠핑장;y
547;100578;사천5901캠핑장;y
548;100579;별하숲캠핑장;y
549;100582;라온캠프닉;y
550;100583;안도마을 협동조합;y
551;100584;279캠핑장;y
552;100585;에스원캠프;y
553;100586;돌담숲;y
554;100587;자작자작 캠핑장;y
555;100588;더 플래츠 글램핑;y
556;100589;342 camp;y
557;100590;라곰;y
558;100591;야생초마을아미골;y
559;100592;(주)청도 프로방스 글램핑;y
560;100593;더캠핑타운 마이밸리;y
561;100594;산가원글램핑;y
562;100595;캠프위드펫&애견글램핑;y
563;100596;라곰글램핑;y
564;100597;노리터 키즈 캠핑장;y
565;100598;가보세캠핑장;y
566;100599;라온아이 오토캠핑장;y
567;100600;삼가농촌체험관;y
568;100601;북암농촌체험관;y
569;100602;원탑캠핑장;y
570;100603;청정 캠핑장;y
571;100604;메이드캠퍼스;y
572;100605;남해 에덴 캠핑장;y
573;100606;산내캠핑일기;y
574;100607;홍성 캠프인코지 글램핑 카라반;y
575;100608;영동 한울 캠핑장;y
576;100609;마의태자용소마을캠핑장;y
577;100610;하늘구니;y
578;100611;산들바람 글램핑;y
579;100612;가야지캠핑장;y
580;100613;자유로캠핑장;y
581;100614;(주)더술컴퍼니아카데미;y
582;100615;태백고원자연휴양림 자동차야영장;y
583;100616;잭스캠프;y
584;100617;오로라;y
585;100618;타이니포춘;y
586;100619;나봄야영장;y
587;100620;영도 마리노 오토캠핑장;y
588;100621;하소담캠핑장;y
589;100622;제이제이파크;y
590;100623;수도캠핑장;y
591;100624;가네골농원;y
592;100625;남이섬 마리나 카라반;y
593;100626;가평랜드 캠핑&카라반;y
594;100627;수복캠핑장;y
595;100628;비타민 팜 오토캠핑장;y
596;100629;위드힐링 캠핑장;y
597;100630;알프스밸리 캠핑나라;y
598;100631;해밀365 야영장;y
599;100632;쓰리웨이펜션;y
600;100633;고흥 거금락 캠핑장;y
601;100634;캠프202;y
602;100635;풀비치카라반;y
603;100636;하이락카라반;y
604;100637;용대 황지 캠핑장;y
605;100638;두밀 노천스파 글램핑;y
606;100639;해해해 캠핑장;y
607;100640;오숲도숲;y
608;100641;별그리다 캠핑장;y
609;100642;주식회사 대부도펜션시티;y
610;100643;서천 국민여가 캠핑장;y
611;100644;가리점캠핑장;y
612;100645;보리캠핑장;y
613;100646;디엠지라운지(DMZ LOUNGE);y
614;100647;어깨동무 카라반 캠핑;y
615;100648;마실야영장;y
616;100649;아이올레 인 포레스트 캠핑;y
617;100650;호수도도글램핑장;y
618;100651;수인야영장;y
619;100652;서산버드랜드 야영장;y
620;100653;Moon글램핑;y
621;100654;딥포레스트캠핑장;y
622;100655;슈필라움글램핑;y
623;100656;재오개캠핑장;y
624;100657;용장 글램핑;y
625;100658;물왕호수캠핑;y
626;100659;월송리캠프;y
627;100661;리버위드 글램핑;y
628;100662;소휴;y
629;100663;복골캠핑장;y
630;100664;금동휴양림캠프2;y
631;100665;달리도 오토캠핑장;y
632;100666;포레스트 캠핑장;y
633;100667;까치고개;y
634;100668;숲속의쉼터 키즈;y
635;100669;주암2123;y
636;100670;라운드힐 905;y
637;100671;홍천 뜨란 오토캠핑장;y
638;100672;아이월관광농원;y
639;100673;필립스가든;y
640;100674;로드 96 캠핑&카라반;y
641;100675;을수골 별빛계곡;y
642;100676;캠프달링;y
643;100677;캠핑중DOG;y
644;100678;플로라 캠프;y
645;100679;낭만팩토리;y
646;100680;오샤;y
647;100681;솔밭사이로 캠핑&펜션;y
648;100682;양평힐링계곡 오토캠핑장;y
649;100683;오스테이;y
650;100684;태안노을과바다캠핑앤글램핑;y
651;100685;백운썬밸리캠핑장;y
652;100686;자장캠핑장;y
653;100687;상사호 오토 캠핑장;y
654;100688;가평더캠프카라반글램핑;y
655;100689;돔 아일랜드 304;y
656;100691;대권오토야영캠핑장;y
657;100692;풀꽃이랑 캠핑장;y
658;100693;춘천 더숲 캠핑장;y
659;100694;태양&바다 카라반;y
660;100695;숲 나들이 야영장;y
661;100696;잭슨글램핑;y
662;100697;아라캠프;y
663;100698;법수치오토캠핑장;y
664;100699;캠플336캠핑장;y
665;1007;마령큰시내들캠핑장;y
666;100700;칠갑산관광농원;y
667;100701;캠프 인더숲;y
668;100702;빌리풀램핑;y
669;100703;스톤브룩 캠핑장;y
670;100704;옥당걸숲속관광농원;y
671;100705;초정216;y
672;100706;벤캠프(Ben Camp);y
673;100707;메이플 포레스트;y
674;100708;일영Star캠핑장;y
675;100709;THE쉼오토캠핑장;y
676;100710;가평다온캠핑장;y
677;100711;루체른;y
678;100712;윈드밸리 야영장;y
679;100713;이스트 몽 블루 카라반 캠핑;y
680;100714;연화동권역 야영장;y
681;100715;마이웨이 리조트 관광농원;y
682;100716;쏘쿨이네 글램핑;y
683;100717;대양 야영장;y
684;100718;알맹이캠핑;y
685;100719;가나캠핑장;y
686;100720;주식회사 수피아 캠핑체험장;y
687;100721;캠핑 굄성;y
688;100722;GO(지오)글램핑;y
689;100723;그라디언트;y
690;100724;노섬브리아 야영장;y
691;100725;비니비니글램핑;y
692;100726;하동노량투다리오토캠핑장;y
693;100727;비토애 럭셔리글램핑 나주점;y
694;100728;통영에코파크;y
695;100729;레이크202 캠핑장;y
696;100730;낭성 캠핑장;y
697;100731;하늘아래 캠핑;y
698;100733;타닥타닥캠핑장;y
699;100734;스토리숲(story숲);y
700;100735;별품은 숲속 캠핑장;y
701;100736;웰빙문화테마마을;y
702;100737;고흥만 수변노을공원 해변캠핑장;y
703;100738;세제골농원 숲속야영장;y
704;100739;쌍근오토캠핑장;y
705;100740;가평 아이섬 풀 글램핑;y
706;100741;원더풀 글램핑 앤 카라반;y
707;100742;물소리 캠핑장;y
708;100743;아인글램핑;y
709;100744;안면도힐링캠핑장;y
710;100745;온더비치 글램핑;y
711;100746;다도해해상국립공원 구계등야영장;y
712;100747;고래캠핑;y
713;100748;하늘숲 오토캠핑장;y
714;100749;한솔 스테이;y
715;100750;월현 포레스트;y
716;100751;더 코지 캠핑장;y
717;100752;일랑일랑 애견캠핑 앤 카라반;y
718;100753;이편한캠핑;y
719;100754;경안글로브;y
720;100755;트라움 풀 빌라 글램핑&카라반;y
721;100756;웻 자켓;y
722;100757;안양 산마을캠핑장;y
723;100758;광양 해뜰 오토 캠핑장;y
724;100759;럭셔리풀빌라 글램핑 풀램핑;y
725;100760;두랭이해변 오토 캠핑장;y
726;100761;클럽아일랜드 글램핑카라반;y
727;100762;북한산 둘레캠프;y
728;100763;숲스토리야영장;y
729;100764;산우물 북 캠핑장;y
730;100765;굿나잇 캠핑장;y
731;100766;테토양평캠핑장;y
732;100767;별하글램핑;y
733;100768;라포레소호;y
734;100769;오션힐즈 숲속야영장;y
735;100770;태봉왓;y
736;100771;더파크캠핑;y
737;100772;풍경캠핑장;y
738;100773;밴프 야영장;y
739;100774;곡성 들말 야영장;y
740;100775;그로브;y
741;100776;소나무세상;y
742;100777;선흘리캠핑장;y
743;100778;베네치아캠핑장;y
744;100779;정선 달별빛 캠핑장;y
745;100780;제주올레캠핑;y
746;100781;Cherokeycamp;y
747;100782;명달 야영장;y
748;100783;사과꽃향기;y
749;100784;동호 국민여가캠핑장;y
750;100785;포천롯지카라반캠핑장;y
751;100786;The Stay 309;y
752;100787;금동휴양림캠프1;y
753;100788;뉴얼리글램핑;y
754;100789;구름품은 캠핑장;y
755;100790;진도 카멜리아 힐즈 오토캠핑장;y
756;100792;새말캠핑장;y
757;100793;귀촌 야영장;y
758;100794;코알라 캠핑;y
759;100795;캠핑 앨리스;y
760;100796;산정호수 마루글램핑 카라반;y
761;100797;캠프뽀미에;y
762;100798;캠프그룬;y
763;100799;서초바글(바베큐글램핑);y
764;100800;청춘별곡;y
765;100801;마운틴87;y
766;100802;208덕동 캠핑장;y
767;100803;해브솔캠핑;y
768;100804;달토 풀 글램핑;y
769;100805;하늘향기캠프;y
770;100806;우프캠프;y
771;100807;힐링인더 포레스트;y
772;100808;홍천태극캠핑장;y
773;100809;청라캠핑파크;y
774;100810;늘푸른캠핑장;y
775;100811;신두리세븐패밀리캠핑장;y
776;100812;충주 목계솔밭 캠핑장;y
777;100813;솔바람캠핑장;y
778;100814;하버드카라반;y
779;100815;호수랑 오토캠핑장;y
780;100816;트리팜 관광농원;y
781;100817;캠프우아;y
782;100818;숲에서 놀자;y
783;100819;동학농민혁명 기념공원 녹두장군 캠핑장;y
784;100820;야호캠핑장;y
785;100821;해브펀 캠핑 어라운드;y
786;100822;홍천에코밸리 캠핑장;y
787;100823;캠프봉봉;y
788;100824;가든스테이 순천 쉴랑게;y
789;100825;노을빛바다 캠핑장;y
790;100826;어게인캠핑;y
791;100827;사가록캠핑장;y
792;100828;삼매봉호텔;y
793;100829;작가캠핑;y
794;100830;스테이NAMU;y
795;100831;마루지 캠프;y
796;100832;개명연수원 캠핑장;y
797;100833;방목리 BBQ 캠핑장;y
798;100834;Base Camp;y
799;100835;지리산하이웨이 캠핑장;y
800;100836;노을캠핑장;y
801;100837;감동스테이캠프;y
802;100838;벨캠핑장;y
803;100839;단양오지캠핑장;y
804;100840;메아리 캠핑장;y
805;100841;어답산 관광농원;y
806;100842;장애인문화예술판;y
807;100843;TITF 카라반;y
808;100844;진안부귀캠핑장;y
809;100845;캠프1975;y
810;100846;보니타 카라반;y
811;100847;함안군 온새미로 오토캠핑장;y
812;100849;쿠나 글램핑;y
813;100850;캠핑 돗가비;y
814;100851;동지화캠핑장;y
815;100852;효도투어;y
816;100853;O2카라반;y
817;100854;자작나무뜰 오토캠핑장;y
818;100855;거창 신원 양지마을 야영장;y
819;100856;산마을글램핑;y
820;100857;숲속의 관광농원;y
821;100858;경이궁 캠핑카라반;y
822;100859;천안 몽각산 힐링뷰 캠핑장;y
823;100860;오션빌 글램핑;y
824;100861;천안 트리하우스;y
825;100862;별빛 은하수 캠핑장;y
826;100863;가곡 유황온천 국민여가캠핑장;y
827;100864;가로림만라모스야영장;y
828;100865;두송녹색농촌체험마을;y
829;100866;십리포힐링카라반;y
830;100867;모듬내캠핑장;y
831;100868;다문188캠핑장;y
832;100869;낭만글램핑;y
833;100870;별이랑 달이랑 글램핑;y
834;100871;클라우드 나인;y
835;100872;포레스트벨리캠프;y
836;100873;평택항 국민여가캠핑장;y
837;100874;전주 아중호수 캠핑장;y
838;100875;금오산 힐링캠프;y
839;100876;금오산 풀타운;y
840;100877;토함산 마이웨이 야영장;y
841;100878;생거진천 자연휴양림;y
842;100879;어은돌캠프캠프;y
843;100880;회룡농촌체험휴양마을;y
844;100881;지리산 포레스트 카라반 파크;y
845;100882;캠프 어라운드;y
846;100883;청학동별빛캠핑장;y
847;100884;초롱별 야영장;y
848;100885;몽상핀;y
849;100886;햇살글램핑;y
850;100887;숲에서 만난 바다 글램핑;y
851;100888;통영해뜰캠핑농원;y
852;100889;청포대솔밭야영장;y
853;100890;템플 온더 비치;y
854;100891;리썸글램핑;y
855;100892;잇츠 캠핑;y
856;100893;해월카라반앤캠핑;y
857;100894;포쉬카라반;y
858;100895;위례성캠핑장;y
859;100896;jj오토캠핑장;y
860;100897;그랜드 바베큐;y
861;100898;옴니돔글램핑;y
862;100899;봄날농원;y
863;1009;마루노리;y
864;100900;천안 산들바람 글램핑장;y
865;100901;별밤캠프;y
866;100902;풍경소리캠핑장;y
867;100903;드루왈 캠핑장;y
868;100904;매향리 캠핑장;y
869;100905;리라 캠프;y
870;100906;산마을 풍경;y
871;100907;리버사이드 영월;y
872;100908;휴 캠핑장(승건 관광농원);y
873;100909;다시캠핑장위드펫;y
874;100910;서운산캠핑장;y
875;100912;비발디캠핑파크 미루나무점;y
876;100913;노블글램핑;y
877;100914;에스이(SE)클럽관광농원야영장;y
878;100915;선셋코스트;y
879;100916;(주)캠핑야미;y
880;100917;포천 리버빌캠핑&카페;y
881;100918;동강 산수 캠핑장;y
882;100919;우니메이카 정선;y
883;100920;평창 국민여가캠핑장;y
884;100921;제천 클라우드글램핑;y
885;100922;제천 참!좋은 글램핑;y
886;100923;푸르미르 관광농원;y
887;100924;꿈꾸는 강 펜션 & 카라반;y
888;100925;백덕산 캠핑장;y
889;100926;꼬꼬토피아 캠핑;y
890;100927;별보는 마을;y
891;100928;더멍스테이;y
892;100929;레인보우;y
893;100930;꿈드림 글램핑;y
894;100931;서해랑83;y
895;100932;코끼리마을;y
896;100933;원대리751 글램핑;y
897;100934;포레스트;y
898;100935;글램포레스트 글램핑;y
899;100936;곽지몬스터캠핑;y
900;100937;다올 오토캠핑장;y
901;100938;아람말 야영장;y
902;100939;가평 밤나무숲캠핑장;y
903;100940;하크베리빌 글램핑 리조트;y
904;100941;양양 별밤캠핑장;y
905;100942;서천 오션플레이스;y
906;100943;언덕캠핑장;y
907;100944;코코숲 바베큐&글램핑;y
908;100945;한알캠핑장;y
909;100946;거제GO캠핑;y
910;100947;알로프랑스;y
911;100948;JH웨스턴 글램핑;y
912;100949;오가네캠핑;y
913;100950;오즈캠핑;y
914;100951;해미 모꼬지 캠핑장;y
915;100952;파파스 캠핑장;y
916;100953;성수산 왕의숲 국민여가캠핑장;y
917;100954;담양오랑쥬마을;y
918;100955;블포 풀글램핑;y
919;100956;글램포레스트 대부도;y
920;100957;경주쿠키오토캠핑장;y
921;100958;숙호야영장;y
922;100959;드르니캠핑장;y
923;100960;광이멀스테이 풀빌라 글램핑;y
924;100961;산외 글램핑;y
925;100962;인터뷰카페;y
926;100963;솔밭캠핑장;y
927;100964;캠프마징가;y
928;100965;청우재 캠핑장;y
929;100966;하이스토리 캠핑장;y
930;100967;이스턴모스트카라반;y
931;100968;금오산 관광농원;y
932;100969;플라움;y
933;100970;다온 오토캠핑장;y
934;100971;D. private Gapyeong;y
935;100972;까사스위스 캠핑장;y
936;100973;유명산 계곡 캠핑장;y
937;100974;땅끝고구마글램핑;y
938;100975;솔비알 캠핑장;y
939;100976;파주 천지연캠핑장;y
940;100977;사천 씨씨캠핑&카라반;y
941;100978;마니또 오토캠핑장;y
942;100979;야크마을 제주;y
943;100980;오로라 캠핑장;y
944;100981;러빙포카라반;y
945;100982;팔공마루오토캠핑앤캠프닉;y
946;100983;충주호더쉼캠핑장;y
947;100984;힐링브릿지캠프;y
948;100985;위고고 남해점;y
949;100986;비봉공룡바다캠핑장;y
950;100987;가평 쉼 캠핑장;y
951;100988;고려산 힐링캠프;y
952;100989;개네집캠핑장;y
953;100990;STX오토캠핑장;y
954;100991;하우스 캠핑장;y
955;100992;동의보감 캠핑장;y
956;100993;미리내캠핑장;y
957;100994;왕모래 카라반 캠핑장;y
958;100995;개울가에캠핑관광농원;y
959;100996;이밤에캠핑장;y
960;100997;가리왕산 정원 캠핑장;y
961;100998;천왕봉캠핑장;y
962;100999;달빛 계곡 캠핑장;y
963;101000;디캠 고흥;y
964;101001;에이스캠프;y
965;101002;행운캠핑장;y
966;101003;캠프정감;y
967;101004;장수 자연관광농원;y
968;101005;플랜 시그니처;y
969;101006;600마지기 가는길 야영장;y
970;101008;파도와노을캠핑장;y
971;101009;버드오토캠핑장;y
972;101010;힐포레 글램핑장;y
973;101011;하이스트 글램핑장;y
974;101012;스페이스 영덕;y
975;101013;서산클럽아일랜드;y
976;101014;워크 안산 BBQ;y
977;101015;상리면어울림문화센터야영장;y
978;101016;가은달빛캠핑장;y
979;101017;outside;y
980;101018;(주)스노우라인캠핑빌리지;y
981;101020;에코이글루;y
982;101021;도마치 자연그대로 캠핑장;y
983;101022;완주달빛카라반;y
984;101023;봉바위돌집 캠핑장;y
985;101024;해이든 지앤에스;y
986;101025;보은국민여가캠핑장;y
987;101026;돌궁캠핑장;y
988;101027;돌머리 해변 글램핑 야영장;y
989;101028;아름다운 신수도;y
990;101029;캠프그라운드 화온;y
991;101030;가자우리집;y
992;101031;(주)소풍앤리조트;y
993;101032;주식회사 더블루밍;y
994;101033;더히로글램핑;y
995;101035;인제 스테이 밸리 캠핑;y
996;101036;(주)너의아지트가되어줄게;y
997;101037;파이브이모션관광농원;y
998;101038;초이스캠프;y
999;101039;경산 모골캠핑장;y
1000;101040;캥거루랜드;y
1001;101041;반암캠핑장;y
1002;101042;봉수대 야영장;y
1003;101043;용암산성오토캠핑장;y
1004;101044;형제섬캠프타운;y
1005;101045;춘천 신촌 캠프장;y
1006;101046;밀양밸리캠핑장;y
1007;101047;이루다글램핑;y
1008;101048;라하 글램핑;y
1009;101049;농업회사법인 시즌온 주식회사;y
1010;101050;우니메이카 포천점;y
1011;101051;474오토캠핑장;y
1012;101052;카라반스;y
1013;101053;바나나 캠핑장;y
1014;101054;대강오토캠핑장;y
1015;101055;양주잼잼 글램핑&카라반;y
1016;101056;오대천 휴 캠핑클럽;y
1017;101057;우니메이카 장흥점;y
1018;101058;양양한스오토캠핑장;y
1019;101059;별빛사이;y
1020;101060;민트초코캠핑장	;y
1021;101061;쉼표 글램핑&캠핑;y
1022;101062;우니메이카 문경점;y
1023;101063;캠프 노마드;y
1024;101065;팜스프링 야영장;y
1025;101066;하늘하루자연관광농원;y
1026;101067;월악아지트캠핑장;y
1027;101068;더좋은날n캠핑;y
1028;101069;운양캠프;y
1029;101070;문장대 사계절캠핑장;y
1030;101071;숲속에햇살캠핑장;y
1031;101072;가자 GO캠핑 야영장;y
1032;101074;키즈락 캠핑장;y
1033;101076;낙화담캠핑장;y
1034;101077;대율저수지 오토캠핑장;y
1035;101078;청솔글램핑장;y
1036;101079;The 글래드 글램핑;y
1037;101080;봄빛 글램핑 앤 바비큐;y
1038;101081;느티포레 캠핑바베큐장;y
1039;101082;와따캠핑장;y
1040;101083;문스 글램핑;y
1041;101085;캠프공존;y
1042;101086;덕동리301캠핑장;y
1043;101087;월든캠프;y
1044;101088;금동휴양림캠프3;y
1045;101089;시선글램핑;y
1046;101090;낭만야영장;y
1047;101091;금천계곡 야영장;y
1048;101092;인더밸리;y
1049;101093;신림스테이캠프;y
1050;101094;별애드림 캠핑장;y
1051;101095;오오유맨손캠핑;y
1052;101096;가평뷰캠핑장;y
1053;101097;홍천불멍멍글램핑캠핑장;y
1054;101098;좋은하루캠핑장;y
1055;101099;아름드리 캠핑장;y
1056;1011;마루펜션 캠핑장;y
1057;101100;힐링 글램핑;y
1058;101101;북한산 사기막야영장;y
1059;101102;글램핑 봄;y
1060;101103;벌곡 산속 캠핑장;y
1061;101104;워크안산 피크닉;y
1062;101105;옥화 포시즌캠핑장;y
1063;101106;임진강 캠핑장;y
1064;101107;원주 우리 캠핑장;y
1065;101108;도담2캠핑장;y
1066;101110;푸르른 캠핑장;y
1067;101111;포천아르테미스 글램핑;y
1068;101112;굿모닝오소재글램핑;y
1069;101113;수룡캠핑장;y
1070;101114;고기하이캠핑장;y
1071;101115;자호천생태학교;y
1072;101116;팔현 캠핑1;y
1073;101117;양명힐링캠프;y
1074;101118;라만차의 돈키호테 캠핑장;y
1075;101119;(주)산들링크;y
1076;101120;집 밖으로;y
1077;101121;베르아델 승마클럽;y
1078;101122;캠핑클라쓰;y
1079;101123;태안머드오토캠핑;y
1080;101124;뚜띠아모 캠핑장;y
1081;101125;청풍레이크 카라반;y
1082;101126;만월글램핑;y
1083;101127;진천명품휴미락캠핑장;y
1084;101130;덕두글램핑;y
1085;101131;또와또 오토캠핑장;y
1086;101132;무지개카라반;y
1087;101133;캠핑7604;y
1088;101134;글래머스글램핑;y
1089;101135;두리랜드 공룡카라반파크;y
1090;101136;동학사힐링캠핑장;y
1091;101137;갯골자연휴양림 야영장;y
1092;101138;태기산 야영장;y
1093;101139;월강캠프;y
1094;101140;별숲글램핑;y
1095;101141;구르미의 오션;y
1096;101142;새울림오토캠핑장;y
1097;101143;캠프어게인;y
1098;101144;캠프타임 캠핑장;y
1099;101145;스테이700;y
1100;101146;몽키캠핑장;y
1101;101147;포천예담가족캠핑장&글램핑;y
1102;101148;옥수온천캠핑랜드;y
1103;101149;소꿉놀이 글램핑&캠프닉;y
1104;101150;THE 숨 FOREST;y
1105;101151;쉬어가조;y
1106;101152;럭셔리글램핑라피네;y
1107;101153;내장호야영장;y
1108;101154;빈투어 주식회사;y
1109;101155;이 밤;y
1110;101156;파랑새 캠핑장;y
1111;101157;산수향 야영장;y
1112;101158;와우바베큐캠핑장;y
1113;101159;소구니캠핑장;y
1114;101160;황매산 숲속야영장;y
1115;101161;초이휴캠핑장;y
1116;101162;탄금호 피크닉 공원;y
1117;101163;화순정원글램핑관광농원;y
1118;101164;바샘;y
1119;101165;해그림 캠핑장;y
1120;101166;공주교육가족체험장;y
1121;101167;앵봉산 가족캠핑장;y
1122;101168;초록여울 캠핑장;y
1123;101169;포천 몽롱한노을 카라반 캠핑장;y
1124;101170;스테이 스톤;y
1125;101171;㈜어메이징캠프;y
1126;101172;캠프 파지립;y
1127;101173;2918캠핑스테이;y
1128;101174;달문관광 농원;y
1129;101175;팜 스프링캠프;y
1130;101176;생슐피스;y
1131;101177;칠봉 송정 캠핑장;y
1132;101178;별숲캠핑장;y
1133;101179;오도산 관광농원;y
1134;101180;산으로간 캠프;y
1135;101181;KHK 캠핑장;y
1136;101182;인제 마음트인 캠핑;y
1137;101183;너른뜰;y
1138;101184;비트윈;y
1139;101185;고요새 캠핑장;y
1140;101186;오케이캠핑장;y
1141;101187;캠핑 포에버;y
1142;101188;오우스 카라반 캠핑장;y
1143;101189;다올 캠핑장;y
1144;101190;돈키호테캠핑;y
1145;101191;즐거운녀석들;y
1146;101192;청도브리즈힐캠핑앤카라반;y
1147;101193;무심골 캠핑장;y
1148;101194;히든밸리 춘천;y
1149;101195;우니메이카 청주점;y
1150;101196;도솔 캠핑 & 그릴;y
1151;101197;천안 놀이터 캠핑장;y
1152;101198;연꽃자리캠핑타운;y
1153;101199;솔솔리조트;y
1154;101200;엘지 오토캠핑장;y
1155;101201;숨캠핑장;y
1156;101202;캠프 팔봉;y
1157;101203;송림 힐링캠핑장;y
1158;101204;백설기캠핑장;y
1159;101205;당마루관광농원캠핑장;y
1160;101206;영덕 오션뷰 카라반 캠핑장;y
1161;101207;양주 캠프랩 당일치기바베큐장;y
1162;101208;치휴관광농원 야영장;y
1163;101209;스푼글램핑;y
1164;101210;솔향기길야영장;y
1165;101211;이른아침 캠핑장;y
1166;101212;옴니버스 캠핑장;y
1167;101213;스마트락(주);y
1168;101214;캠프다온;y
1169;101215;시즌글램핑;y
1170;101216;요새불멍;y
1171;101217;양주르;y
1172;101218;캠프241;y
1173;101219;어게인캠핑B;y
1174;101220;어게인캠핑C;y
1175;101221;산이다 글램핑;y
1176;101222;고성라벤더 캠핑장;y
1177;101223;바다풍경관광농원;y
1178;101224;도시별장;y
1179;101225;하늘숲빌리지글램핑;y
1180;101226;필(FEEL) 캠핑장;y
1181;101227;스테이 그린;y
1182;101228;북분솔밭캠핑장;y
1183;101230;더 봄날 캠핑장;y
1184;101231;캠프(camp)301;y
1185;101232;탐선골캠핑장;y
1186;101233;육백캠핑장;y
1187;101234;한코관광농원야영장;y
1188;101236;포레스트 도일;y
1189;101237;초록빛마을 관광농원 야영장;y
1190;101238;숲속다람쥐 캠프;y
1191;101239;비토 노을숲 글램핑;y
1192;101240;일칠일관광농원;y
1193;101241;산타 야영장;y
1194;101242;스마트24nFG;y
1195;101243;딩동댕캠핑장;y
1196;101244;안석관광농원;y
1197;101245;캠핑포유야영장;y
1198;101246;DS Camp 캠핑장;y
1199;101247;여수 작금캠핑장;y
1200;101248;배나무꽃 캠핑장;y
1201;101249;백허그 캠핑장;y
1202;101250;펀펀오토캠핑장;y
1203;101251;프로방스 캠핑장;y
1204;101252;캠프빌리지;y
1205;101253;감산;y
1206;101254;글로리아 캠핑장;y
1207;101255;그랜드 파파하우스야영장;y
1208;101256;미라마 캠핑장;y
1209;101257;가평 모아이 캠프;y
1210;101258;(주)마도섬펜션;y
1211;101259;석병관광농원 야영장;y
1212;101260;에버그린캠핑장;y
1213;101261;파주 옥돌캠핑장;y
1214;101262;규니네 캠핑;y
1215;101263;피카푸 피크닉앤글램핑 진주점;y
1216;101264;꿈을 드림 야영장;y
1217;101265;캠핑아일랜드;y
1218;101266;단양 패러캠핑장;y
1219;101267;폭포가든 캠핑장;y
1220;101268;산청 지리산반달캠핑장;y
1221;101269;골든쌔들 캠핑장;y
1222;101270;가따캠핑장;y
1223;101271;THE BON(더 본);y
1224;101272;내공리700;y
1225;101273;가는골그린캠핑;y
1226;101274;안면도관광농원;y
1227;101275;별빛마루 관광농원;y
1228;101276;지파크 글램핑;y
1229;101277;더힐글램핑;y
1230;101278;봉화로캠핑장;y
1231;101279;메타쉐콰이어 오토 캠핑장;y
1232;101280;담양리사숲속마을;y
1233;101281;숲이야 캠핑장;y
1234;101282;잉글랜드 캠핑장;y
1235;101283;리드글램핑;y
1236;101284;라포레130 카라반 캠핑장;y
1237;101285;은광디미;y
1238;101286;백룡야영장;y
1239;101287;해양대국;y
1240;101288;삼태기캠핑장;y
1241;101289;CAMP699;y
1242;101290;하슬라 캠핑장;y
1243;101291;퀸스타운캠핑장;y
1244;101292;은하수 리조트;y
1245;101293;지리산 콤마 612;y
1246;101294;힐링빌리지 캠핑장;y
1247;101295;테라피크닉;y
1248;101296;주식회사 바비큐팩토리 가수원점;y
1249;101297;바베큐존파크;y
1250;101298;바글바글 관광농원;y
1251;101299;글램탐다오;y
1252;1013;마리원관광농원캠핑장;y
1253;101300;머물곶;y
1254;101301;간절곶캠프야영장;y
1255;101302;메종야영장;y
1256;101303;애플망고;y
1257;101304;지리산길섶 솔숲야영장;y
1258;101305;창바우마을 해송피크닉장;y
1259;101306;오산야영장;y
1260;101307;강별캠핑장;y
1261;101308;하월 오토캠핑장;y
1262;101309;서정카라반펜션;y
1263;101310;대봉캠핑랜드;y
1264;101311;SOL Camping;y
1265;101312;수타사 힐링 캠프;y
1266;101313;별빛하늘캠핑장;y
1267;101314;일월관광농원 캠핑장;y
1268;101315;속리산 사내리 캠핑장;y
1269;101316;해해카라반;y
1270;101317;트리풀(treefull);y
1271;101318;남한산 숲속캠핑장;y
1272;101319;숯숯;y
1273;101320;계곡에풍덩펜션캠핑장;y
1274;101321;별밤 차박 캠핑장;y
1275;101322;골드 오션 글램핑;y
1276;101323;산청프리미엄캠핑장;y
1277;101324;김원장캠핑;y
1278;101325;가화 2372;y
1279;101326;캠핑팜;y
1280;101327;비치드웨일 카라반야영장;y
1281;101328;달빛그릴캠핑;y
1282;101329;캠핑스테이 청포대;y
1283;101330;비앙드팜;y
1284;101331;선택적고립캠핑장;y
1285;101332;봉포레이크오토캠핑장;y
1286;101333;활주로 야영장;y
1287;101334;린하우스;y
1288;101335;별빛수동계곡 글램핑&카라반;y
1289;101336;별비담캠핑장;y
1290;101337;80포레스트카라반캠프;y
1291;101338;스테이635;y
1292;101339;대암 팜트리;y
1293;101340;그린바움캠핑장;y
1294;101341;천안 디디글램핑;y
1295;101342;메이트 캠핑;y
1296;101343;유메모리 캠핑;y
1297;101344;별천지 캠핑장;y
1298;101345;희락농원;y
1299;101346;밀양 도래재 자연휴양림 야영장;y
1300;101347;블루밍 캠프;y
1301;101348;햅어꿉데이;y
1302;101349;대이산 숲속 캠프;y
1303;101350;짐스토리;y
1304;101351;어메이징 캠프 거창;y
1305;101352;경주 다다 글램핑;y
1306;101353;연꽃빌리지 관광농원;y
1307;101354;봄이오는 캠프;y
1308;101355;재리캠핑;y
1309;101356;바베큐팩토리캠핑장;y
1310;101357;에이치에스네이처;y
1311;101358;랜드캠핑장 글램핑;y
1312;101359;러블레싱;y
1313;101360;레이크힐 캠프;y
1314;101361;서천 힐링 캠핑장;y
1315;101362;우니메이카 춘천점;y
1316;101363;푸른숲;y
1317;101364;캠프히어;y
1318;101365;평창 별내림계곡캠핑장;y
1319;101366;야단법석;y
1320;101367;더클라우드;y
1321;101368;스테이아웃;y
1322;101369;산들캠핑파크;y
1323;101370;돈내코 야영장;y
1324;101371;춘천 금병산 캠핑장;y
1325;101372;가덕카라글램핑;y
1326;101373;경상남도교육청 종합복지관 분원 미숭산교직원휴양원;y
1327;101374;워터사이드 캠핑장;y
1328;101375;가평아지트캠핑장;y
1329;101376;남해에코촌;y
1330;101377;해빛뜰마을;y
1331;101378;판타스틱 캠프닉;y
1332;101379;난지섬 쭈꾸미 캠핑장;y
1333;101380;청평카라반캠핑장;y
1334;101381;히어위고 글램핑&바베큐;y
1335;101382;구슬내마을 야영장;y
1336;101383;이유캠핑;y
1337;101384;인더풀 글램핑;y
1338;101385;캠프 아리울;y
1339;101386;해랑해관광농원 캠핑장;y
1340;101387;럼버잭 캠핑;y
1341;101388;돌담캠핑장;y
1342;101389;보령교육가족체험장;y
1343;101390;하동플레이;y
1344;101391;인제나들목캠핑장;y
1345;101392;조은캠핑;y
1346;101393;노을빛바다 캠핑장B;y
1347;101394;별빛 오토캠핑장;y
1348;101395;스테이123;y
1349;101396;망고땡 글램핑;y
1350;101397;붉은노을;y
1351;101398;가자 캠핑장;y
1352;101399;스윗피크닉;y
1353;101400;숲내음에 머물다;y
1354;101401;마마루스 야영장;y
1355;101402;산골너머 캠핑장;y
1356;101403;계룡산 갑사자동차야영장;y
1357;1016;마방캠핑장;y
1358;102;가평사계절캠핑장;y
1359;1023;마음이 머무는 곳;y
1360;1024;마이산 풍혈냉천 캠핑장;y
1361;1025;마이웨이 리조트 관광농원;y
1362;1027;만리포몰디브;y
1363;1028;만리포미소카라반;y
1364;1029;만산동 국민여가캠핑장;y
1365;103;가평 사과나무 캠핑장;y
1366;1030;만석꾼 캠핑장;y
1367;1031;만수산 자연휴양림;y
1368;1032;만정캠핑장;y
1369;1034;맑은개울 캠핑장;y
1370;1035;맑은누리 캠핑장;y
1371;1038;맑음터공원 캠핑장;y
1372;1039;맘빌리지;y
1373;1040;망상오토캠핑리조트 제2오토캠핑장;y
1374;1042;매봉힐링캠프;y
1375;1043;매일민박캠핑장;y
1376;1045;매화둠벙마을영농조합법인;y
1377;1051;핫도그342애견글램핑카라반 주식회사;y
1378;1055;멤피스 글램핑;y
1379;1057;캠핑플래닛;y
1380;1065;가평명지산카라반글램핑;y
1381;1066;명학산 캠핑장;y
1382;1070;모꼬지캠핑장;y
1383;1075;모래재캠핑장;y
1384;1076;모야의숲 캠핑장;y
1385;1085;몬테비얀코;y
1386;1095;블루오션리조트, 오션파크;y
1387;1096;묘솔 캠핑장;y
1388;1097;무도글램핑;y
1389;11;(주)양촌여울체험캠프;y
1390;1100;무릉계곡힐링캠핑장;y
1391;1101;무릉도원 오토캠핑장;y
1392;1102;무릉도원 캠핑장;y
1393;1107;무안황토갯벌랜드 오토캠핑장;y
1394;1111;보보캠핑;y
1395;1112;무주 구천동 캠핑장;y
1396;1113;무주 글램핑;y
1397;1114;무주 솔밭야영장;y
1398;1115;무주수목원캠핑장;y
1399;1116;무주카라반;y
1400;1117;무주홀리데이파크;y
1401;1118;무지개 서는 마을;y
1402;1119;무지개펜션&캠핑;y
1403;1121;무창포카라반파크;y
1404;1125;회문랜드 오토캠핑장;y
1405;1127;문경레저투어 캠핑장;y
1406;1128;문경새재국민여가캠핑장;y
1407;1129;문경수예리오토캠핑장;y
1408;1131;문경히든벨리오토캠핑장;y
1409;1132;문라이트캠핑장;y
1410;1133;문배골 캠핑장;y
1411;1134;문복산 캠핑장;y
1412;1137;문수골 힐링캠핑장;y
1413;1139;문암생태공원;y
1414;1140;문장대 야영장;y
1415;1141;문장대오토캠핑장;y
1416;1142;문화관광농원청소년야영장;y
1417;1143;웅진리야영장;y
1418;1145;물가애캠핑장;y
1419;1147;물결캠핑장;y
1420;1151;물꽃 캠핑장;y
1421;1152;물내치기;y
1422;1155;물마루 캠핑장;y
1423;1157;물소리풍경 캠핑장;y
1424;1159;물안개 오토캠핑장;y
1425;1163;물한계곡소나무펜션;y
1426;1167;미루밸리 캠핑장;y
1427;1168;미르오토캠핑장;y
1428;1173;미산가족오토캠핑장;y
1429;1177;미산분교 캠핑장;y
1430;1178;미소가든펜션야영장;y
1431;1181;미시령계곡캠핑장;y
1432;1182;민들레동산 캠핑장;y
1433;1184;민주지산 자연휴양림;y
1434;119;가평 운악홀리데이 캠핑장;y
1435;1190;밀양댐 스쿨캠핑장;y
1436;1191;밀양댐오토캠핑장;y
1437;1192;밀양사계절야영장;y
1438;1194;밀양강 캠프스쿨;y
1439;1196;밀양댐유원지 펜션식당;y
1440;1197;밀양표충오토캠핑장;y
1441;12;(주)어반슬로우시티;y
1442;1200;바다가 보이는 부산항 힐링 야영장;y
1443;1202;바다로글램핑;y
1444;1205;노을빛 바다애글램핑;y
1445;1206;바다여행캠핑장;y
1446;1208;바라산자연휴양림 야영장;y
1447;121;가평황토은글램핑;y
1448;1215;박달재 자연휴양림캠핑장;y
1449;1216;박달재옛길캠핑장;y
1450;1218;박석 캠핑장;y
1451;1220;반디캠프;y
1452;1221;반디하우스캠핑장;y
1453;1222;반딧골캠핑장;y
1454;1223;반딧불이 캠핑장;y
1455;1225;반딧불자연캠핑장;y
1456;123;흑석산 자연 휴양림;y
1457;1231;밤골캠핑장;y
1458;1233;밤벌오토캠핑장;y
1459;1234;밤별 캠핑장;y
1460;1235;밤별생각 낮달이야기;y
1461;1237;밤소리글램핑;y
1462;124;각화산캠핑장;y
1463;1242;방아텃골 관광농원;y
1464;1244;방태산 솔마루 오토캠핑장;y
1465;1245;방태산 자연휴양림 캠핑장;y
1466;1246;방화동 가족휴가촌 오토캠핑장;y
1467;125;주식회사 클럽 프라비다;y
1468;1250;배너미오토캠핑장;y
1469;1254;백경오토캠핑장;y
1470;1255;예그리나숲;y
1471;1258;백담설화캠핑장;y
1472;1260;백도오토야영장;y
1473;1264;백마강레저파크;y
1474;1266;백무동야영장;y
1475;127;간월도캠핑장;y
1476;1270;백산금빛캠프장;y
1477;1272;백야자연휴양림 오토캠핑장;y
1478;1279;백운산 자연휴양림 야영장;y
1479;1280;백운산 자연휴양림 자동차야영장;y
1480;1282;백운산수련관 야영장;y
1481;1283;백운산체험농장;y
1482;1284;백운오양골캠핑장;y
1483;1287;백일야영장;y
1484;129;갈기산펜션캠핑장;y
1485;1291;뱀사골자동차야영장;y
1486;1293;버디버디;y
1487;1295;벌곡오토캠핑장;y
1488;1299;범도오토캠핑장;y
1489;1301;범산골캠핑장;y
1490;1303;법흥 캠핑장;y
1491;1305;벗과뱃나루 캠핑리조트;y
1492;1306;남이섬 베스트캠핑장;y
1493;1308;베이스캠프 캠핑장;y
1494;131;갈천 오토캠핑장;y
1495;1311;벳소캠프;y
1496;1313;벽계야영장;y
1497;1316;변산힐링밸리야영장;y
1498;1317;하이드온부쉬;y
1499;1318;별고을오토캠핑장;y
1500;132;감 이야기 캠핑장;y
1501;1320;별나무캠핑장;y
1502;1321;별난독서문화체험장;y
1503;1323;별다리 캠핑;y
1504;1324;별드림캠핑장;y
1505;1325;별따기캠핑장;y
1506;1327;별마로빌리지캠핑장;y
1507;1330;별밤 야영장;y
1508;1332;별밤글램핑;y
1509;1335;별빛누리 글램핑;y
1510;1336;별빛두레펜션 캠핑장;y
1511;1337;별빛마루 글램핑 캠핑장;y
1512;1344;별삼킨별캠핑장;y
1513;1345;별수하야영장;y
1514;1346;별아래 캠핑장;y
1515;1352;별장캠핑카;y
1516;1353;별찌 야영장;y
1517;1354;별헤는 밤;y
1518;1356;비토애 럭셔리 글램핑 산청점;y
1519;1357;병목안캠핑장;y
1520;1360;병풍바위야영장;y
1521;1362;보경사힐링캠핑장;y
1522;1364;보또피아힐링파크;y
1523;1368;보물섬 캠핑장;y
1524;1369;보보스캇 캠핑장;y
1525;137;감악산캠핑숲;y
1526;1370;보성드림캠핑장;y
1527;1371;보은글램핑;y
1528;1379;봉바위농원;y
1529;138;강나루 오토캠핑장;y
1530;1380;봉봉자연 관광농원;y
1531;1382;봉수대오토캠핑장;y
1532;1384;봉식이놀이터;y
1533;1385;봉평마가리 캠핑장;y
1534;1387;산골펜션캠핑장;y
1535;1388;봉화열목어마을;y
1536;1389;봉황산자연휴양림 야영장;y
1537;139;강나루 캠핑장;y
1538;1390;봉황산자연휴양림 제2야영장;y
1539;140;강당골캠핑파크;y
1540;1405;부여사나래캠핑농원;y
1541;1407;부연동 스카이케빈;y
1542;141;강동 그린웨이 가족캠핑장;y
1543;1410;부재산방 캠핑장;y
1544;1413;북캠프;y
1545;1418;북한산 캠핑장;y
1546;142;강릉 노추산 힐링캠프;y
1547;1425;불루캠핑장;y
1548;1427;불정 자연휴양림;y
1549;1429;Black tree;y
1550;1431;블루마운틴;y
1551;1432;블루원글램핑;y
1552;1435;비로야영장;y
1553;1436;비발디 캠핑파크;y
1554;1438;비비 오토 캠프;y
1555;1441;비슬산숲속오토캠핑장;y
1556;1446;비타민 캠핑장;y
1557;1447;비토섬 신우리조트 모던글램핑;y
1558;1448;비학농원캠핑장;y
1559;1449;비학산자연휴양림;y
1560;1453;사과랑 관광농원;y
1561;1454;사과향기캠핑장;y
1562;1455;사나래관광농원;y
1563;1456;사나래글램핑장;y
1564;1457;사나래카라반캠핑장;y
1565;146;강변사리 캠핑장;y
1566;1460;사랑나무 캠핑장;y
1567;1463;사선대캠핑장;y
1568;1467;사지목 나무그늘;y
1569;1468;사촌해수욕장야영장;y
1570;147;강변 야영장;y
1571;1471;산과별 관광농원;y
1572;1473;산꽃벚꽃마을 오토캠핑장;y
1573;1475;산내들 관광농원;y
1574;1476;산내들 패밀리 어드벤처파크;y
1575;1477;산내들캠핑;y
1576;1479;산내별빛오토캠핑장;y
1577;148;강변오토캠핑장;y
1578;1480;산내편안관광농원;y
1579;1482;원주산노리 캠핑장;y
1580;1483;산들래 야영장;y
1581;1487;산디마을 생태공원 캠핑장;y
1582;1488;산마루캠핑장;y
1583;1490;산방환담;y
1584;1491;산사랑 글램핑;y
1585;1492;산새소리캠핑장;y
1586;1493;산솔 캠핑장;y
1587;1498;산아래 캠핑장;y
1588;1499;산아래캠핑장;y
1589;1500;산애 캠핑장;y
1590;1501;산야초 자연캠핑장;y
1591;1503;영월산여울캠핑장;y
1592;1504;밀양산여울캠핑장;y
1593;1507;산우물 쉼터;y
1594;1508;산울림관광농원;y
1595;1511;산으로 캠핑장;y
1596;1513;국립자연휴양림관리소 북부지역팀;y
1597;1515;산음숲자연학교 힐링캠핑장;y
1598;1516;산음캠핑(글램핑);y
1599;1517;산장관광지;y
1600;1520;산장펜션 캠핑장;y
1601;1525;산정호수 가족글램핑장;y
1602;1528;산정호수글램핑;y
1603;1533;산청별천지캠핑장;y
1604;1534;산청지막계곡캠핑장;y
1605;1537;산촌오토캠핑장;y
1606;1538;산타파크 캠핑장;y
1607;154;강원도산림개발연구원 집다리골자연휴양림;y
1608;1540;살구나무글램핑&펜션;y
1609;1541;살둔마을 생둔분교 캠핑장;y
1610;1542;살둔산장;y
1611;1545;삼남매와 뭉치네 캠핑장;y
1612;1547;삼락생태공원 오토캠핑장;y
1613;1548;삼밭골글램핑;y
1614;1551;삼산야영장;y
1615;1554;삼원레저타운;y
1616;1556;삼장다목적캠핑장;y
1617;1557;삼정오토캠핑장;y
1618;1562;삼화리 동광 캠핑장;y
1619;1563;물골삼화힐링타운캠핑장;y
1620;1569;상상글램핑;y
1621;157;강원도힐링캠핑장;y
1622;1570;상소오토캠핑장;y
1623;1572;상순네 오토캠핑장;y
1624;1573;상아골계곡오토캠핑장;y
1625;1575;상우농장 야영장;y
1626;1580;상주 우산캠핑장;y
1627;1581;상주보 캠프존 휴;y
1628;1582;상주은모래비치 오토캠핑장;y
1629;1585;상황오토캠핑장;y
1630;1586;새들펜션캠핑장;y
1631;1587;새막골 캠프;y
1632;1592;샘골솔밭야영장;y
1633;1596;생각나무자연학교;y
1634;16;이스케이프 지점 (휴토피아);y
1635;160;큐브빌리지글램핑;y
1636;1601;생림 오토 캠핑장;y
1637;1605;휘게포레스트;y
1638;1606;서건도카라반;y
1639;1607;서귀포 자연휴양림 야영장;y
1640;161;뜨란채;y
1641;1610;서당골캠핑장;y
1642;1611;서대산 드림 캠핑파크;y
1643;1617;서석캠핑장;y
1644;1621;서울 YMCA 다락원 캠프장;y
1645;1622;서울대공원야영장;y
1646;1626;써니힐즈캠핑장;y
1647;1627;서종힐링캠핑장;y
1648;1628;서천 금빛노을 서울캠핑장;y
1649;1629;서천 늘푸른캠핑장;y
1650;163;강촌관광농원;y
1651;1630;서천 춘장대캠핑장;y
1652;1631;서천갯벌체험글램핑;y
1653;1632;서천해양캠핑장;y
1654;1633;서포리 관광지 오토캠핑장;y
1655;1636;서해땅끝파도리아치내캠핑장;y
1656;1638;석교리 야영장;y
1657;1641;석모도 부자캠핑;y
1658;1643;석문 오토캠핑장;y
1659;1647;석양마을 주포;y
1660;1648;조각가 박시동 미술관;y
1661;1649;석천캠핑장;y
1662;165;강촌달머리캠핑장;y
1663;1653;선녀와 나무꾼 캠핑장;y
1664;1654;선녀와나무꾼;y
1665;1655;선달산계곡캠핑장;y
1666;1657;선두바다캠핑장;y
1667;1660;선야봉 캠핑장;y
1668;1662;선운산도립공원야영장;y
1669;1665;설래림야영장;y
1670;1666;설매재 자연휴양림 야영장;y
1671;1667;설뫼충효테마파크야영장;y
1672;1668;설악산국립공원 설악동자동차야영장;y
1673;167;강촌하늘아래;y
1674;1670;설하관광농원;y
1675;1672;섬뜰아래;y
1676;1674;섬지골 캠핑장;y
1677;1676;섬지캠핑장;y
1678;1678;섬진강 마실캠핑장;y
1679;168;강촌포도펜션오토캠핑장;y
1680;1681;섬진강문화학교 캠핑장;y
1681;1682;섬진강향가오토캠핑장;y
1682;1684;성당포구금강체험관야영장;y
1683;1685;성덕댐 수달 캠핑장;y
1684;1686;성동힐링센터 휴(休)영월캠프;y
1685;1689;성주봉 자연휴양림;y
1686;1692;성주자연오토캠핑장;y
1687;1693;프랜즈 캠크닉(주);y
1688;1696;세라핌 글램핑 캠핑장;y
1689;1698;세종 합강캠핑장;y
1690;17;드림랜드오토캠핑장;y
1691;170;강화고인돌 캠핑장;y
1692;1701;센티마르글램핑;y
1693;1703;소금강마을에코센터 오토캠핑장;y
1694;1704;소금강자동차야영장;y
1695;1705;소나무 캠핑장;y
1696;1706;소나무농원 캠핑장;y
1697;1707;소나무숲아래;y
1698;1709;소나무와 계곡 캠핑장;y
1699;1710;소도캠핑장;y
1700;1711;소리길 오토캠핑장;y
1701;1715;소막골야영장;y
1702;1717;소백산국립공원 남천야영장;y
1703;1718;소백산삼가야영장;y
1704;1719;소백산오토캠핑장;y
1705;1721;소석힐링캠핑장;y
1706;1723;소선암 오토캠핑장;y
1707;173;강화도산들애농원캠핑수영장;y
1708;1734;소풍가는날펜션 오토캠핑장;y
1709;1735;소풍관광농원;y
1710;1736;소풍정원 캠핑장;y
1711;1738;속리산 사계절 캠핑장;y
1712;1740;속리산사나래캠핑장;y
1713;1741;속리산알프스캠핑장&펜션;y
1714;1742;속초해변 국민여가 캠핑장;y
1715;1744;솔내음 야영장;y
1716;1746;솔내음캠핑장;y
1717;1749;솔담길 오토캠핑장;y
1718;175;강화캠핑파크;y
1719;1750;솔뜰 캠핑장;y
1720;1755;솔바다 캠핑장;y
1721;1756;솔바람야영장;y
1722;1757;솔바람 캠핑장;y
1723;1759;솔바람오토캠핑장;y
1724;176;개금불 어뮤니티;y
1725;1761;솔방울캠핑장;y
1726;1763;솔밭 캠프장;y
1727;1769;솔밭야영장;y
1728;1770;솔밭체육공원오토캠핑장;y
1729;1771;솔밭캠핑장;y
1730;1773;솔밭펜션캠핑장;y
1731;1774;솔봉계곡쉼터야영장;y
1732;1776;사천비토솔섬오토캠핑장;y
1733;1782;솔잎오토캠핑장;y
1734;1785;솔티야영장;y
1735;1786;송가네 오가리캠핑장;y
1736;1788;송도스포츠캠핑장;y
1737;1789;송도오토캠핑장;y
1738;179;개미들솔향기야영장;y
1739;1793;어은돌송림캠핑장;y
1740;1794;송백농원캠핑장;y
1741;1796;송정 자연휴양림;y
1742;1797;송정솔바람야영장;y
1743;18;(주)자연인;y
1744;180;개암벌 용소 관광농원 캠핑장;y
1745;1802;송지호 오토 캠핑장;y
1746;1803;송천떡마을야영장;y
1747;1807;송호국민관광지 야영장;y
1748;1818;수락베이스캠프;y
1749;1820;수레의산 국민여가 캠핑장;y
1750;1825;수목원프로방스 캠핑장;y
1751;1827;수목화 송정마을 오토캠핑장;y
1752;1829;수봉야영장;y
1753;1830;수산아카데미;y
1754;1832;수승대 오토캠핑장;y
1755;1833;수승대야영장;y
1756;1835;수원산 오토캠핑장;y
1757;1838;수하 캠핑파크;y
1758;1842;수희재캠프;y
1759;1843;순창향 관광농원 오토캠핑장;y
1760;1846;순천 승주CC 글램핑;y
1761;1849;순천국민여가캠핑장;y
1762;1853;숲과 개울 오토캠핑장&펜션;y
1763;1854;숲들내캠핑장;y
1764;1857;숲속가든 캠핑장;y
1765;1868;숲속의베리팜;y
1766;1871;숲속캠핑장;y
1767;1875;숲이조아 오토캠핑장;y
1768;1876;쉬리마을 농어촌 관광 휴양단지 야영장;y
1769;1878;쉼이있는자유;y
1770;1879;쉼표캠핑장;y
1771;1885;스카이 운학 오토캠핑장;y
1772;1887;스카이글램핑;y
1773;1888;두드림 캠핑장;y
1774;1892;스톤엑스 캠핑장;y
1775;1893;스톤힐 글램핑;y
1776;1898;승봉도 캠핑장;y
1777;190;거북바위 야영장;y
1778;1900;시냇가 캠핑장;y
1779;1903;시목 야영장;y
1780;1911;신대리야영장;y
1781;1916;신불산폭포 자연휴양림;y
1782;1917;신선계곡 야영장;y
1783;1920;신어산자연숲캠핑장;y
1784;1925;신화가족목공체험 캠핑소;y
1785;193;거제글램퍼스;y
1786;1930;한마음심천캠핑랜드;y
1787;1931;심학산야영장;y
1788;1933;십이선녀탕 통나무집 야영장;y
1789;1934;십자봉오토캠핑장;y
1790;1936;싸리목캠핑장;y
1791;1937;쌍곡예당;y
1792;1940;써니밸리 오토캠핑장;y
1793;1941;써니아일랜드 야영장;y
1794;1942;써니힐글램핑;y
1795;1943;썬빌리지펜션캠핑장;y
1796;1945;썬오브캠핑장;y
1797;1947;씨사이드힐 캠핑장;y
1798;1949;씨앗골캠핑장;y
1799;1951;씨엘관광농원;y
1800;1955;아날로거 무릉도원점;y
1801;1957;아날로그데이;y
1802;1958;로드스타;y
1803;1960;아담펜션&캠핑장;y
1804;1961;아델리아;y
1805;1970;아름다운 캠프;y
1806;198;거제자연휴양림;y
1807;1982;아버지의숲 산정캠프;y
1808;1984;아빠가 만든 캠핑장;y
1809;1986;아빠랑 놀자;y
1810;1987;아빠의 캠프;y
1811;1988;아빠의 캠핑장;y
1812;1989;아빠의나무 야영장;y
1813;199;거창A글램핑;y
1814;1990;아빠캠핑가 오토캠핑장;y
1815;1993;아산곡교천야영장;y
1816;1994;아산글램핑캠핑장;y
1817;1996;아우라지 글램핑;y
1818;1997;아우라지관광지;y
1819;1999;아이비캠핑장;y
1820;2000;아이에프에이 캠프운악;y
1821;2003;아잘리아 그린;y
1822;2005;아침가리 계곡 캠핑장;y
1823;2009;아트인아일랜드;y
1824;2010;아트캠핑빌리지;y
1825;2012;나무다 캠핑장;y
1826;2013;완주힐조타운 캠핑장;y
1827;2014;타이거스피드 안녕오토캠핑장;y
1828;2015;안단테 홍천캠핑장;y
1829;2022;안산화랑오토캠핑장;y
1830;2028;안성내츄럴리조트 오토캠핑장;y
1831;2031;안성맞춤 캠핑장;y
1832;2032;안성비봉산 캠핑장;y
1833;2033;안태울캠핑장;y
1834;2034;알멕스랜드캠핑장;y
1835;2037;알프스 글램핑;y
1836;2038;가래골농원 캠핑장2;y
1837;2041;알프스캠핑장;y
1838;2044;애플 글램핑;y
1839;2045;애플마루 펜션캠핑장;y
1840;2051;약수골 캠프촌 숲속캠핑장;y
1841;2052;약수골 캠프촌 오토캠핑장;y
1842;2053;약수농원;y
1843;2054;얏호캠핑장;y
1844;2063;한별마을 야영장;y
1845;2072;GoOut 양주감악산 캠핑장;y
1846;2076;양주시 미술관옆 캠핑장;y
1847;2078;양주산막골캠핑장;y
1848;2079;양주송천캠핑장;y
1849;2080;양지생태마을캠핑장;y
1850;2081;보고;y
1851;2094;양평 휴 캠핑 워크샵;y
1852;2095;양평수목원 캠핑장;y
1853;2097;양평드림캠핑장;y
1854;2099;양평 베이스캠프;y
1855;21;(주)태평소금 천일염 힐링캠프;y
1856;2103;어라운드빌리지;y
1857;2104;어름치마을캠핑장;y
1858;2109;밸리캠핑장;y
1859;2110;양양캠핑장;y
1860;2114;어울림펜션 캠핑장;y
1861;2116;어은돌야영장;y
1862;2119;얼음골 야영장;y
1863;2121;얼음골까투리캠핑장;y
1864;2124;얼음골야영장;y
1865;2131;엉클캠프;y
1866;2134;에덴오토캠핑장;y
1867;214;경주 힐링캠프;y
1868;2142;에버힐;y
1869;2143;에브라임캠핑장;y
1870;2146;에이원 글램핑 관광농원;y
1871;2147;에이원 글램핑장 리조트;y
1872;2149;에코그린캠핑장;y
1873;2153;에코야영장;y
1874;2154;에코오토캠핑장;y
1875;2155;에코유 캠핑장;y
1876;2156;에코힐글램핑;y
1877;2161;삼척엘림캠핑장;y
1878;2164;엘포리글램핑;y
1879;2166;여수 밤바다 관광농원야영장;y
1880;2167;여수굴전여가캠핑장;y
1881;2168;여우가달을사랑할때;y
1882;217;별자리 캠핑랜드;y
1883;2171;여울애꽃물들인;y
1884;2177;여주 카라반 체험장;y
1885;2178;여주산촌관광농원;y
1886;2179;여주참숯마을 캠핑장;y
1887;2181;여차울 캠핑장;y
1888;2185;연곡해변 솔향기캠핑장;y
1889;2191;연산 황산벌오토캠핑장;y
1890;2199;연천 한여울팜파크 글램핑장;y
1891;2200;연천재인폭포오토캠핑장;y
1892;2207;연풍연가캠핑장;y
1893;221;경주초우오토캠핑장;y
1894;2210;열린캠핑장;y
1895;2213;염포야영장;y
1896;2216;김포캠핑파크 주식회사;y
1897;2217;영덕 고래불 국민 야영장;y
1898;2218;영덕 칠보산 오토캠핑장;y
1899;222;강화카라반캠핑장;y
1900;2220;영산강 승촌보캠핑장;y
1901;2222;영양수비별빛캠핑장;y
1902;2224;영우네 농어촌 관광농원;y
1903;2226;영월 동강오토캠핑장;y
1904;2228;영월 스타 글램핑;y
1905;2230;영월 외룡 캠핑장;y
1906;2232;영월별마로펜션캠핑;y
1907;2233;영월약수터 오토캠핑장;y
1908;2235;영월천문대 캠핑장;y
1909;2236;영월캠프;y
1910;2239;아산 영인산자연휴양림 숲속야영장;y
1911;2243;영종씨사이드캠핑장;y
1912;2245;영주시 소백산역 캠핑장;y
1913;2249;영천 솔롱고 글램핑;y
1914;225;경호강 캠핑장;y
1915;2253;영천시 공예촌 캠핑체험장;y
1916;2254;영학관광농원야영장;y
1917;2257;예다움 캠핑장;y
1918;2260;예마을캠핑장;y
1919;2262;예산 느티나무 캠핑장;y
1920;2263;예당관광지 국민여가캠핑장;y
1921;2264;캠프 예손;y
1922;2266;예원캠핑장;y
1923;2269;예천군 곤충나라 사과테마파크 오토캠핑장;y
1924;227;계곡과소나무 캠핑장;y
1925;2272;옛서당캠핑농원;y
1926;2278;오글오글오토캠핑장;y
1927;2280;진부(오대산)관광농원;y
1928;2282;오도산 자연휴양림;y
1929;2285;오류캠핑장;y
1930;2288;맑은숲캠프;y
1931;2300;오서산자연휴양림;y
1932;2301;선녀와 나무꾼;y
1933;2304;오시아노 오토캠핑리조트;y
1934;2308;오카나간캠핑장;y
1935;2309;오커빌리지;y
1936;231;계룡산글램핑 동월숲;y
1937;2311;오크캠핑;y
1938;2312;오크힐글램핑;y
1939;2313;오투글램핑;y
1940;2314;오투스토리;y
1941;2315;오투캐빈;y
1942;232;계룡산글램핑 파크오브드림;y
1943;2321;옥계오토캠핑장;y
1944;2326;옥샘캠핑장;y
1945;2327;옥성 자연휴양림;y
1946;2329;옥화 자연휴양림 국민여가캠핑장;y
1947;233;계룡산동학사자동차야영장;y
1948;2331;온더락캠핑장;y
1949;2339;올리브 그린 펜션 글램핑;y
1950;2341;도모 횡성;y
1951;2345;와라캠핑장;y
1952;2349;와이글램핑;y
1953;2350;516 글램라반;y
1954;2351;와이캠핑장;y
1955;2355;완주소양캠핑장;y
1956;2358;왕산가족오토캠핑장;y
1957;2359;왕터리조트;y
1958;236;계림정야영장;y
1959;2361;왕피천하늘담야영장;y
1960;2363;요기는캠핑장;y
1961;2364;요카카 관광농원;y
1962;2365;용가리쌤 캠핑장;y
1963;2367;용골송어와 캠핑;y
1964;237;계명산 나무숲길 캠핑장;y
1965;2370;국립용대자연휴양림;y
1966;2372;용두산오토캠핑장;y
1967;2373;용두해수욕장 숲속야영장;y
1968;2375;동수리 인문학마을 협동조합 야영장;y
1969;2377;용문산 자연휴양림;y
1970;2378;용문산관광지 야영장;y
1971;238;계명산 자연휴양림;y
1972;2381;용봉산캠핑장;y
1973;2393;용인 미르힐;y
1974;2394;용인 자연휴양림 야영장;y
1975;2399;용인랜드 숲속캠핑장;y
1976;240;계방산 오토캠핑장;y
1977;2411;용추그린하우스;y
1978;2412;용추돌모리캠핑장;y
1979;2413;용추자연휴양림야영장;y
1980;2415;용현 자연휴양림 야영장;y
1981;2418;우니메이카;y
1982;2420;우리 캠핑장;y
1983;2422;용인 자연숲 캠핑장;y
1984;2425;아롱별 캠핑장;y
1985;2436;운문 사계절 캠핑장;y
1986;2439;운문산군립공원 소머리 야영장;y
1987;244;고길동 캠핑장;y
1988;2440;운악레저타운;y
1989;2443;운악승마캠프;y
1990;2444;운일암반일암관광지 야영장;y
1991;2445;운장산 자연휴양림;y
1992;245;고대산캠핑리조트;y
1993;2450;울릉군국민여가캠핑장;y
1994;2455;울성캠핑낚시터;y
1995;2458;웅이네캠핑장;y
1996;2459;웅천친수공원 야영장;y
1997;2460;웅포관광지 캠핑장;y
1998;2464;원동자연휴양림;y
1999;2466;아트앤오토캠핑장;y
2000;247;고라데이마을;y
2001;2472;원주두리캠핑장;y
2002;2474;원주키즈캠핑장;y
2003;2480;월드니스;y
2004;2482;월선캠핑장;y
2005;2483;월성 산아래 글램핑;y
2006;2485;월악 한울 오토캠핑장;y
2007;2487;월악산레트로캠핑N민박;y
2008;2488;월악산국립공원 닷돈재 자동차야영장;y
2009;2489;월악산국립공원 덕주야영장;y
2010;249;고래숲관광농원;y
2011;2490;월악산국립공원 송계자동차 야영장;y
2012;2491;월악산국립공원 용하야영장;y
2013;2492;월악파인오토캠핑장;y
2014;2494;월악오토캠핑장;y
2015;2495;월악힐링캠핑장;y
2016;2496;월촌캠핑야영장;y
2017;2498;월포해수욕장야영장;y
2018;2499;웨스턴캠프;y
2019;2500;웰리힐리파크 오토캠핑장;y
2020;2503;위정캠핑장;y
2021;2505;위크온 글램핑;y
2022;2506;위크팜글램핑;y
2023;2519;유식물원 관광농원;y
2024;2521;유치 자연휴양림;y
2025;2522;유토피아 오토캠핑장;y
2026;2524;율곡 캠핑장;y
2027;2525;율곡관광농원 캠핑장;y
2028;2529;융프라우오토캠핑장;y
2029;2533;은빛초원 캠핑장;y
2030;2534;은사시캠핑장;y
2031;2538;엘리시안 강촌 캠핑파크;y
2032;2541;은해사권역 은해로운 휴양마을 캠핑장;y
2033;2543;은행마을;y
2034;2546;을수민박야영;y
2035;2549;이동계곡 캠핑장;y
2036;2554;이안숲속오토캠핑장;y
2037;2555;이우캠핑장;y
2038;2560;이지캠핑장;y
2039;2561;인디어라운드;y
2040;2562;이태백 야영장;y
2041;2563;이포보 오토 캠핑장;y
2042;2564;이포보 웰빙 캠핑장;y
2043;2571;인삼골오토캠핑장;y
2044;2573;인제 연가리 오토캠핑장;y
2045;2578;인제나르샤파크캠핑장;y
2046;2579;인제 아리캠핑장;y
2047;2581;인제캠핑타운;y
2048;2586;일영모자농원캠핑장;y
2049;2587;일영무두리캠핑장;y
2050;260;고산 무궁화 오토캠핑장;y
2051;2610;임하호 수상레저타운캠핑장;y
2052;2614;잉카마야박물관&캠핑장;y
2053;2616;자라섬캠핑장;y
2054;2619;자연과우리펜션자동차야영장;y
2055;2620;자연밸리 관광농원;y
2056;2621;자연속캠핑장;y
2057;2622;자연애 품 캠핑장;y
2058;2623;자연애스토리;y
2059;2624;자연애캠핑장;y
2060;2625;자연이랑캠프;y
2061;2627;자연펜션캠핑장;y
2062;2628;자우림캠핑장;y
2063;2630;자유인의 카라반;y
2064;2632;자일랜드;y
2065;2633;자작나무 펜션캠핑장;y
2066;2641;작천정 별빛야영장;y
2067;2651;장남동산농원;y
2068;2652;장령산자연휴양림 야영장;y
2069;2659;누리파크 캠핑장;y
2070;2662;장승마을;y
2071;2667;장좌리캠핑장;y
2072;2669;소금강 장천마을 캠핑장;y
2073;267;상족암군립공원 오토캠핑장;y
2074;2670;장태산 자연휴양림;y
2075;2671;장터추어탕 캠핑장;y
2076;2672;장호비치캠핑장;y
2077;268;주식회사 웰리스;y
2078;2685;전원일기마을 오토캠핑장;y
2079;2686;전주 도란도란카라반;y
2080;2688;정광산 관광농원;y
2081;269;고성잔디캠핑장;y
2082;2692;정든 캠핑장;y
2083;2695;정선골민박캠핑장;y
2084;2696;회동솔향캠핑장;y
2085;2697;정선군생태체험학습장야영장;y
2086;2698;정선애 펜션 캠핑장;y
2087;2701;정원 캠핑장;y
2088;2703;정읍시 내장산 국민여가캠핑장;y
2089;2704;정이품송관광농원;y
2090;2709;원삼오토캠핑장;y
2091;2717;제주돌하르방 캠핑장;y
2092;2719;제주베스트힐;y
2093;2720;제주벨리타캠핑장;y
2094;2729;제주파인비치 카라반;y
2095;2730;제주플래티늄카라반;y
2096;2732;제천 하늘뜨레 서울캠핑장;y
2097;2733;제천모드니애캠핑장;y
2098;2734;제천워터파크캠핑랜드;y
2099;2735;제천옛날학교캠핑장;y
2100;2739;조개섬 야영장;y
2101;2749;졸드루오토캠핑장;y
2102;2750;좋은세상리조트;y
2103;2751;좌구산오토캠핑장;y
2104;2753;새연리조트 포천점;y
2105;2755;주막거리캠프;y
2106;2758;주문진글램핑오토캠핑장;y
2107;276;태백산 고원자연휴양림 야영장;y
2108;2762;신북온천글램핑장;y
2109;2764;주암 오토캠핑장;y
2110;2765;주왕산국립공원 상의자동차 야영장;y
2111;2766;주은 자연휴양림;y
2112;277;고인돌 펜션&캠핑장;y
2113;2771;주천강 자연휴양림;y
2114;2774;죽도야영체험장;y
2115;2778;중랑가족캠핑장;y
2116;2782;중미산 자연휴양림;y
2117;2783;중바위캠핑장;y
2118;2785;중산리야영장;y
2119;2786;춘장대 중앙솔밭캠핑;y
2120;2793;증산수도계곡캠핑장;y
2121;2794;지경국민여가캠핑장;y
2122;28;505펜션&캠핑(오공오);y
2123;2800;지내울 야영장;y
2124;2808;지리산 숲속의 쉼터;y
2125;2809;지리산반내골오토캠핑장;y
2126;2810;백무동파크펜션&글램핑야영장;y
2127;2811;지리산산내들펜션야영장;y
2128;2812;지리산오도재힐링캠핑장;y
2129;2813;지리산오토캠핑장 (호호당);y
2130;2815;지리산천왕봉야영장;y
2131;2822;지지밸리야영장;y
2132;2823;진경원민박캠핑장;y
2133;2824;진고개계곡야영장;y
2134;2825;진도풍경오토캠핑장;y
2135;2828;진밭골향기관광농원 야영장;y
2136;2830;진북 편백골 관광농원 캠핑장;y
2137;2831;대둔산자연휴양림캠핑장;y
2138;2833;진안국제 캠핑장;y
2139;284;고향펜션캠핑;y
2140;2841;집보다 캠핑장;y
2141;2842;짱아 야영장;y
2142;2843;쪽빛하늘 캠핑장;y
2143;2848;참숯골;y
2144;2851;창원휴양림 오토캠핑장;y
2145;2852;더세븐글램핑카라반;y
2146;2853;단양 천동계곡 캠핑장 그린농원;y
2147;2854;천동오토캠핑장;y
2148;2856;천등산캠핑장;y
2149;2857;천리안 캠프힐;y
2150;2860;천문대 별빛정원;y
2151;2861;천문대오토캠핑장;y
2152;2865;천사봉 오토 캠핑장;y
2153;2867;천안OK캠핑;y
2154;2872;천태산 오토캠핑장;y
2155;2873;천하마을야영장;y
2156;2874;천하장사골야영장;y
2157;2876;철원가산농원캠핑장;y
2158;2877;유곡리 평화마을 캠핑장;y
2159;2879;첫마을 관광타운;y
2160;2880;첫물내기 캠핑장;y
2161;2881;청간정 콘도 카라반 캠핑장;y
2162;2882;청계동 솔바람야영장;y
2163;2885;청광새들녘캠핑;y
2164;2886;청담 관광농원;y
2165;289;곡성 키즈글램핑;y
2166;2891;청도 지오오토캠핑장;y
2167;2892;청도 힐링 오토캠핑장;y
2168;2894;청도감꽃 국민여가캠핑장;y
2169;2895;청도군 자전거공원 캠핑장;y
2170;2896;청도 그린나래 오토캠핑장;y
2171;2899;청도신화랑 풍류마을 오토캠핑장;y
2172;29;80 SS 오토캠핑장;y
2173;2903;청도프로방스 카라반캠핑카펜션;y
2174;2904;청도프로방스불빛축제카라반펜션;y
2175;2905;청량산 나무네숲 캠핑장;y
2176;2907;청량산캠핑장;y
2177;2911;청산 캠프;y
2178;2912;농업회사법인에덴동산캠핑장;y
2179;2913;트리독스 애견전용캠핑장;y
2180;2915;청산별곡;y
2181;2917;청산야영장;y
2182;2920;청석들캠핑장;y
2183;2928;청송캠핑장;y
2184;2929;청암관광농원;y
2185;2930;청암산오토캠핑장;y
2186;2931;청양 동강리 오토캠핑장;y
2187;2933;청옥산깨비마을 야영장;y
2188;2934;청옥야영장;y
2189;2935;청운오토캠핑장;y
2190;2936;청일관광농원;y
2191;2937;청자촌 오토캠핑장;y
2192;2939;청주키즈캠핑장;y
2193;2940;청천 화양동관광농원 초롱이캠핑장;y
2194;2941;청천수목원 야영장;y
2195;2944;청평다감캠핑장;y
2196;2954;청풍월드니스글램핑;y
2197;2955;청풍호오토캠핑장;y
2198;2956;청화산카라반&캠핑;y
2199;2958;초락나루펜션&글램핑;y
2200;2961;초록슈피아오토캠핑장;y
2201;2963;초막골생태공원 느티나무야영장;y
2202;2965;초안산캠핑장;y
2203;2966;초원오토캠핑장;y
2204;2968;초전마을 캠핑장;y
2205;2969;초평밤나무;y
2206;2974;추동캠프;y
2207;2975;추암오토캠핑장;y
2208;2976;추억만들기 캠핑장;y
2209;2977;추억촌;y
2210;2982;축령산 자연휴양림;y
2211;2984;춘장대나드리캠핑장;y
2212;2985;춘장대오토캠핑장;y
2213;2987;춘천 박사마을 어린이 글램핑장;y
2214;2988;레스트;y
2215;299;골체오름캠핑;y
2216;2990;춘천숲자연휴양림엔글램핑;y
2217;2991;춘천캠핑월드;y
2218;2992;충북대학교 천문대천문체험학교;y
2219;2997;충주반딧불 오토캠핑장;y
2220;2999;충주카누캠핑장;y
2221;3002;충주호캠핑월드;y
2222;3003;금강자연휴양림;y
2223;3004;충효테마관광농원야영장;y
2224;3005;치산 관광지 캠핑장;y
2225;301;곰섬야영장;y
2226;3010;치악신림오토캠핑장;y
2227;3012;청양 칠갑산 오토캠핑장;y
2228;3013;칠갑산 자연휴양림;y
2229;3014;칠갑산도림휴게소캠핑장;y
2230;3016;칠곡보 오토캠핑장;y
2231;3021;칠포오토캠핑장;y
2232;3022;칡소폭포 캠핑장;y
2233;3024;카누글램핑펜션;y
2234;3025;카라반 르몽드;y
2235;3028;카라반랜드;y
2236;3030;카라반에코빌리지;y
2237;3033;카카오캠핑장;y
2238;3034;케이 캠핑장(K캠핑장);y
2239;3035;캄파슬로우캠핑장;y
2240;3036;캐나디언 카누클럽 야영장;y
2241;3038;캐리비안캠프;y
2242;3042;캠파제주;y
2243;3045;캠프 예그리나;y
2244;3046;캠프ing 오토캠핑장;y
2245;3047;캠프도고;y
2246;3049;캠프레이크;y
2247;3050;캠프리카캠핑장;y
2248;3054;캠프수풀이;y
2249;3055;캠프오후4시;y
2250;3056;캠프원 관광농원;y
2251;3059;캠프향기;y
2252;306;공릉관광지 캠핑장;y
2253;3064;캠핑 뜨락 오토캠핑장;y
2254;3067;캠핑494;y
2255;3071;캠핑라운드;y
2256;3072;캠핑라운지;y
2257;3079;힐링캠프Sunset;y
2258;3083;캠핑월드;y
2259;3084;캠핑코리아;y
2260;3085;캠핑코리아 카라반오토캠핑장;y
2261;309;공작산계곡 오토캠핑장;y
2262;3092;캠핑하는 집;y
2263;3094;성주물가애오토캠핑장;y
2264;3097;켄싱턴 호텔 평창 글램핑 빌리지;y
2265;3098;코끼리관광농원;y
2266;3099;코끼리캠핑장;y
2267;31;A&J오토캠핑장;y
2268;3100;코레일 낙산연수원;y
2269;3105;석산계곡 코코비발디 글램핑  카라반 오토캠핑장;y
2270;3107;쿵쿵소 캠핑장;y
2271;3109;큐브존캠핑장;y
2272;3110;큰마당캠핑장;y
2273;3111;큰집글램핑;y
2274;3112;클럽노블픽;y
2275;3113;클럽레드존캠핑장;y
2276;3114;클럽레스피아;y
2277;3115;클럽프리모;y
2278;3116;키즈글램핑GEO;y
2279;3117;키즈드림 캠핑장;y
2280;3120;킨텍스캠핑장;y
2281;3126;태기산 아름채 관광공원;y
2282;3127;태라 글램핑;y
2283;313;공주계곡캠핑장;y
2284;3139;태안둘레길캠핑장;y
2285;3140;태안라온캠핑장;y
2286;3141;태안별빛오토캠핑장;y
2287;3144;태학산 자연휴양림 오토캠핑장;y
2288;3145;태화연캠핑장;y
2289;3147;터닝포인트카라반&캠핑;y
2290;3148;테르메덴 카라반;y
2291;3149;엉클캠핑장;y
2292;315;공주산림휴양마을;y
2293;3150;텐타우스;y
2294;3157;토함산 자연휴양림;y
2295;316;공주한옥마을 웅진오토캠핑장;y
2296;3160;통고산 자연휴양림야영장;y
2297;3162;통영 동원리조트 글램핑;y
2298;3163;통영오토캠핑장;y
2299;3164;통영캠핑스토리;y
2300;3166;툇골 캠핑장;y
2301;3167;트로피칼드림야영장;y
2302;3168;트리캠핑장;y
2303;3169;트윈스캠핑장;y
2304;3170;티피 캠핑장;y
2305;3174;욕지도 파라다이스 캠핑장;y
2306;3175;파라다이스스파도고 카라반캠핑장;y
2307;3178;파래소캠핑장;y
2308;3184;파인벨리 펜션 앤 글램핑 주식회사;y
2309;3186;파인트리 캠핑장;y
2310;3195;파주기산캠프;y
2311;3198;더파크12 글램핑카라반;y
2312;3199;파피루스 캠핑장;y
2313;320;광교호수공원 가족캠핑장;y
2314;3201;팔공산글램핑;y
2315;3202;팔공산금화자연휴양림;y
2316;3203;팔리봉캠핑장;y
2317;3205;팔봉글램핑;y
2318;3206;팔봉산관광지 야영장;y
2319;3209;팔영산 자연휴양림 야영장;y
2320;3210;팔영산야영장;y
2321;3213;팜스퀘어 하늘타리;y
2322;3219;팜핑제주;y
2323;3221;패밀리오토캠핑장;y
2324;3222;패밀리 오토캠핑장;y
2325;3227;페리오캠핑장;y
2326;3229;펜션벨뷰캠핑장;y
2327;3230;에덴글램핑;y
2328;3231;편백힐 치유의숲 야영장;y
2329;3232;평사리공원 야영장;y
2330;3233;드래곤오토캠핑장;y
2331;3251;포레스트 카라반 파크;y
2332;3252;포레스트 카라반;y
2333;3253;포레스트12;y
2334;3254;포레스트 소울;y
2335;3258;포시즌;y
2336;3262;포시즌스 오토캠핑장;y
2337;3263;포시즌파크;y
2338;3264;포안캠핑;y
2339;327;광릉분재예술공원 캠핑장;y
2340;3270;포천 베어스 글램핑 파크;y
2341;3271;포천 비둘기낭 캠핑장;y
2342;3275;포천 화적연 캠핑장;y
2343;3278;포천글램핑앤카라반;y
2344;3279;포천리컴펜글;y
2345;328;광릉솔개캠핑장;y
2346;3287;포천자연마을 서울캠핑장;y
2347;3288;포천파크야영장;y
2348;3289;포항오토캠핑장 루트7;y
2349;329;광릉숲 이야기 캠핑장;y
2350;3290;폭포가 있는 캠핑장;y
2351;3291;폭포골자연휴양림야영장;y
2352;3292;폰타나리조트;y
2353;3293;폴라리스야영장;y
2354;3298;푸른바다와 캠핑;y
2355;3307;푸른숲캠핑장;y
2356;331;광명도덕산캠핑장;y
2357;3312;풍경;y
2358;3314;풍성채 캠핑장;y
2359;3316;풍혈산 캠핑장;y
2360;3317;프라임캠핑장;y
2361;3319;프로방스펜션;y
2362;3320;프린세스 캠핑장;y
2363;3323;플레이랜드 캠핑장;y
2364;3324;플로레스타글램핑;y
2365;3326;피노키오 자연휴양림 야영장;y
2366;3329;피아골오토캠핑장;y
2367;333;광주시민의 숲 야영장;y
2368;3330;피플앤독 힐링캠핑장 ;y
2369;3331;핀란드캠핑장;y
2370;3333;핏들캠핑장;y
2371;3339;하늘구름길 캠핑장;y
2372;3340;하늘그린캠프;y
2373;3344;하늘물빛정원 글램핑;y
2374;3345;하늘바다오토캠핑장;y
2375;3346;하늘바라기 글램핑;y
2376;3347;하늘바라기캠핑장;y
2377;3348;하늘빛계곡;y
2378;3350;하늘숲글램핑 파크;y
2379;3351;하늘숲캠핑장;y
2380;3352;하늘아래첫동네오토캠핑장;y
2381;3353;하늘연캠핑장;y
2382;3354;하늘캠핑장;y
2383;3357;하동군 다목적 캠핑장;y
2384;3358;하랑캠핑장;y
2385;3361;하마캠핑장;y
2386;3369;하얀여울;y
2387;337;괴강국민여가캠핑장;y
2388;3370;하오재캠핑장;y
2389;3373;하옥 가람캠핑장;y
2390;3375;하이락 글램핑장;y
2391;3376;하이원추추파크 자동차야영장;y
2392;3377;하이캠핑장;y
2393;3379;봉강 하조 오토캠핑장;y
2394;3383;하추 자연휴양림;y
2395;3384;학가산 우래 자연휴양림;y
2396;3386;학교안 풍경캠핑장;y
2397;3389;학동자동차 야영장;y
2398;3391;학마을캠프;y
2399;3392;학암포 퍼스트 캠핑장;y
2400;3394;학암포 오토 캠핑장;y
2401;3395;학포야영장;y
2402;3397;한강공원 난지캠핑장;y
2403;3407;한다리골 야영장;y
2404;3408;한라산국립공원 관음사지구 야영장;y
2405;3409;한마음오토캠핑장;y
2406;3412;한방자연휴양림;y
2407;3415;한송오토캠핑장;y
2408;3416;한스캠핑장;y
2409;3417;한실관광농원 야영장;y
2410;3419;한울오토캠핑장;y
2411;342;교동아일랜드;y
2412;3421;한천 자연휴양림;y
2413;3423;한탄강관광지 오토캠핑장;y
2414;3426;한탄강 소나무 캠핑;y
2415;3428;한터팜오토캠핑장;y
2416;3429;한티별빛아래관광농원 야영장;y
2417;343;교래생태체험장;y
2418;3431;함양 용추 오토캠핑장;y
2419;3432;함양천자봉관광농원숲속애;y
2420;3434;함평나비마을 서울캠핑장;y
2421;3436;함허동천야영장;y
2422;344;교래자연휴양림 야영장;y
2423;3440;합천H글램핑;y
2424;3441;합천라온오토캠핑장;y
2425;3442;합천수피아캠핑;y
2426;3443;합천호 코지캠핑장;y
2427;3444;합천휴테마파크;y
2428;3445;항도야영장;y
2429;3450;해담구룡령 야영장;y
2430;3454;대풍바위 오토캠핑장;y
2431;3457;해밀캠핑장;y
2432;3458;해바라기캠핑장;y
2433;3459;해솔길 캠핑장;y
2434;3461;해솔캠핑장;y
2435;3465;해오름 관광농원;y
2436;3466;해인캠핑장;y
2437;3470;해지개캠핑장;y
2438;3471;해창만 수변공원 오토캠핑장;y
2439;3472;해피캠핑장;y
2440;3476;햇살아래 캠핑장;y
2441;3477;오름집;y
2442;3478;햇솔오토캠핑장;y
2443;3481;행복빌리지;y
2444;3482;행복숲 체험원;y
2445;3483;행복한나드리캠핑장;y
2446;3484;행복한소풍캠핑장;y
2447;3485;항골계곡 야영장;y
2448;3486;향기로운추억캠핑장;y
2449;3487;향림오토캠핑장;y
2450;3489;허그안 힐링캠프;y
2451;349;구룡레저타운야영장;y
2452;3496;헤밍웨이 글램핑;y
2453;3497;헤스티아;y
2454;3498;해오름펜션야영장;y
2455;350;구룡자동차야영장;y
2456;3508;호두나무캠핑장;y
2457;3510;호명산 캠프;y
2458;3511;호반캠핑장;y
2459;3512;호반오토캠핑장;y
2460;3518;호수산장관광농원;y
2461;3519;호수캠핑장;y
2462;3520;호식이 캠핑장;y
2463;3521;호연재;y
2464;3528;홍길동테마파크 야영장;y
2465;3529;홍산관광농원;y
2466;353;구름계곡캠핑장;y
2467;3539;홍천강 오토캠핑장;y
2468;3541;홍천동산펜션 오토캠핑장 ;y
2469;3544;홍천와캠핑;y
2470;3545;화강 수변 오토캠핑장;y
2471;3546;화니캠핑앤글램핑;y
2472;355;구름포오토캠핑장;y
2473;3551;화암약수 야영장;y
2474;3556;화왕산자연휴양림;y
2475;3559;화이트 오토캠핑장;y
2476;356;구름포해수욕장카라반;y
2477;3568;화천 휴캠핑장;y
2478;3569;화천에코스쿨 생태체험장;y
2479;357;구리 토평 가족캠핑장;y
2480;3575;황매산 국민여가 캠핑장;y
2481;3577;황방산 생태야영장;y
2482;3578;황산문화체육공원 국민여가캠핑장;y
2483;358;구마이오토캠핑장;y
2484;3580;황토와 통나무 캠핑장;y
2485;3581;황학동캠핑장;y
2486;3582;회문산 캠핑장;y
2487;3586;횡성 온새미로 캠핑장;y
2488;3587;횡성군 병지방 오토캠핑장;y
2489;3588;횡성산울림오토캠핑장;y
2490;3589;횡성초보캠핑장;y
2491;3597;휴가를 부탁해 캠핑장;y
2492;3598;휴리조트 캠핑장;y
2493;36;Camp 1950;y
2494;360;구만동오토캠핑장;y
2495;3601;가온휴양빌리지 계곡 글램핑 카라반 캠핑;y
2496;3602;휴파크 오토캠핑장;y
2497;3605;흙내음글램핑;y
2498;3608;흙집섬진강풍경;y
2499;361;구만산장 캠핑장;y
2500;3610;흥부골 자연휴양림;y
2501;3611;흥정계곡 캠핑 700;y
2502;3612;흥정계곡오토캠핑장;y
2503;3615;희리산 해송자연휴양림 일반야영장;y
2504;3616;희리산해송자연휴양림 자동차야영장;y
2505;3619;영월키즈캠핑장;y
2506;362;구미 캠핑장;y
2507;3622;힐링스토리;y
2508;3623;힐링카라반;y
2509;3624;힐링캠프;y
2510;3627;힐링캠핑장;y
2511;3628;힐링파크;y
2512;3633;힐사이드캠핑장;y
2513;3634;힐스톤 캠핑장;y
2514;3636;힐포인트;y
2515;367;구산오토캠핑장;y
2516;37;CLUB 596;y
2517;370;구수곡 자연휴양림;y
2518;373;구시포 노을 캠핑장;y
2519;375;카라반2696	;y
2520;378;구천계곡야영장;y
2521;379;무주구천동카라반;y
2522;38;DMZ 마루캠핑;y
2523;382;국립가리왕산자연휴양림;y
2524;383;국립검마산자연휴양림;y
2525;384;국립검봉산자연휴양림야영장;y
2526;385;국립나주박물관 야외체험장;y
2527;387;국립남해편백자연휴양림;y
2528;389;국립두타산자연휴양림;y
2529;39;DMZ 캠핑장;y
2530;390;국립미천골자연휴양림;y
2531;391;국립삼봉자연휴양림 야영장;y
2532;392;국립용화산자연휴양림;y
2533;394;국립유명산자연휴양림(자동차);y
2534;395;국립자연휴양림관리소;y
2535;397;국립지리산 자연휴양림;y
2536;398;국립천관산자연휴양림;y
2537;399;국립청옥산자연휴양림;y
2538;4;(주)디노담양힐링파크 지점;y
2539;400;국립칠보산자연휴양림;y
2540;401;국립황정산 자연휴양림;y
2541;402;국립회문산자연휴양림;y
2542;403;국망봉 자연휴양림캠핑장;y
2543;404;금산 국민여가캠핑장;y
2544;405;국민운문산자연휴양림야영장;y
2545;408;국토정중앙천문대야영장;y
2546;418;굼벵이캠핑농원;y
2547;42;F1 오토캠핑장;y
2548;420;굿뜨래웰빙마을 글램핑(일반);y
2549;424;귀한농부학교 캠핑장;y
2550;425;귤빛캠핑장;y
2551;426;귤암리캠핑장;y
2552;427;그날카라반;y
2553;428;그루터기캠핑장;y
2554;434;그린스톤 오토캠핑장;y
2555;438;그린하우스캠핑장;y
2556;439;그림나래 힐링캠프;y
2557;440;글램바오캠핑장;y
2558;441;글램비글램핑;y
2559;442;글램퍼스양평;y
2560;443;글램핑 앤 카라반 (포항);y
2561;444;판앤팜 치유정원;y
2562;448;글램핑스토리;y
2563;449;글램핑앤카라반;y
2564;454;금강송 체험 야영장;y
2565;456;금광관광농원 캠핑장;y
2566;462;금대자동차야영장;y
2567;465;금동산야;y
2568;467;금박산관광농원;y
2569;468;금방아 민박캠핑장;y
2570;47;JB 캠핑하우스;y
2571;471;금산산림문화타운;y
2572;475;금수문화공원 야영장;y
2573;477;금오도 야영장;y
2574;480;금오산 야영장;y
2575;482;허브하우스 금오산힐링타운;y
2576;483;금원산 자연휴양림;y
2577;484;금은모래 캠핑장;y
2578;492;기산골캠핑장;y
2579;500;길캠프;y
2580;502;김삿갓계곡캠핑장;y
2581;503;김삿갓휴게소 체험 캠핑장;y
2582;504;김천부항댐 산내들 오토캠핑장;y
2583;507;김포예당캠핑장;y
2584;508;김포한강오토캠핑장;y
2585;51;Najost Camp;y
2586;510;깊은골캠핑장;y
2587;512;깊이울달빛캠핑장;y
2588;521;꽃주렁나무주렁캠핑장;y
2589;522;꾸러기 캠핑장;y
2590;525;드림이벤트;y
2591;526;꿈꾸는시계;y
2592;527;꿈꾸는캠핑장;y
2593;528;꿈애 오토캠핑장;y
2594;529;꿈에그린 캠핑장;y
2595;530;꿈엔들 캠프장;y
2596;531;양평꿈의글램핑;y
2597;532;꿈의대화캠핑장;y
2598;533;나그네캠핑장;y
2599;535;나드리야영장;y
2600;538;나로힐링캠핑장;y
2601;540;나린오토캠핑장;y
2602;543;나무새 관광농원;y
2603;548;나봄야영장;y
2604;549;낙동강 레포츠밸리 강변오토캠핑장;y
2605;550;낙동강레포츠밸리지구오토캠핑장;y
2606;555;남강 캠프;y
2607;56;THATS CAMPING 횡성자연휴양림야영장;y
2608;563;남양주 휴림캠핑장;y
2609;564;남원 백두대간 국민여가캠핑장;y
2610;565;남원 자연휴양림;y
2611;57;The Star 오토캠핑장;y
2612;575;낭만에코파크;y
2613;576;낭만캠프;y
2614;578;내리금봉캠핑장;y
2615;582;내린천 주말농장;y
2616;584;내린천솔밭힐링캠핑장;y
2617;588;내안의 숲 오토캠핑장;y
2618;59;VIP레저타운;y
2619;590;내원자동차야영장;y
2620;591;내장산국립공원 내장야영장;y
2621;592;내평계곡캠핑장;y
2622;596;너와나 야영장;y
2623;597;너와두리농촌캠핑장;y
2624;598;넓은마당캠핑장;y
2625;60;VIP오토캠핑장;y
2626;601;노꼬담꼬;y
2627;603;노동오토캠핑장;y
2628;604;노르딕 민박;y
2629;609;노을공원 가족캠핑장;y
2630;61;W글램핑;y
2631;612;비발디 캠핑파크 노일점;y
2632;615;녹색 오토캠핑장;y
2633;616;녹수원글램핑;y
2634;619;논산 탑정호글램핑;y
2635;62;YC글램핑;y
2636;621;놀터글램핑;y
2637;625;농어바위캠핑장;y
2638;626;청양고운캠핑장;y
2639;627;봉산극기체험권역캠핑장;y
2640;628;하늘빛수목원;y
2641;63;YELLOW HILL;y
2642;630;농업회사법인주식회사 태신목장예산지점;y
2643;632;농월정오토캠핑장;y
2644;633;농협회사법인 봉좌마을 캠핑장;y
2645;635;누룽지;y
2646;638;느랭이골 자연휴양림 일반야영장;y
2647;640;느티나무 캠핑장;y
2648;641;느티나무그늘아래 캠핑장;y
2649;643;영월계곡 느티별캠핑장;y
2650;644;느티나무야영장;y
2651;645;늘솔길캠핑촌;y
2652;646;늘편한캠핑장;y
2653;647;늘푸른 관광농원;y
2654;648;늘푸른 체험학교;y
2655;649;늘푸른펜션캠핑장;y
2656;652;라라차차캠핑장;y
2657;655;늘해랑캠핑장;y
2658;66;㈜씨스테이 야영장;y
2659;663;다람쥐 쉼터;y
2660;668;다릿재농원캠핑장;y
2661;670;다볼펜션;y
2662;6717;(주)에이치엠제이;y
2663;672;다솔관광농원;y
2664;6721;링크독 애견캠핑장(Link dog 애견캠핑장);y
2665;6722;OK가족캠핑장;y
2666;6723;가야경 오토캠핑장;y
2667;6724;가야산국립공원 백운동야영장;y
2668;6728;씨카라반;y
2669;673;다온;y
2670;6731;갯골캠핑장;y
2671;6732;거창 국민여가캠핑장;y
2672;6733;경포대카라반;y
2673;6736;고멧 캠핑장;y
2674;674;다옴 햇골 캠핑장;y
2675;6740;골짜구니야영장;y
2676;6742;구름아래 캠핑장;y
2677;6743;구학리 산채관광 마을;y
2678;6744;그린오토캠핑장;y
2679;6745;그린콩 캠핑장;y
2680;6748;금물산하늘소캠프;y
2681;6753;나주 글램핑 어스;y
2682;6754;내설악 글램핑 파크;y
2683;6756;놀터캠핑장;y
2684;676;다인리조트 카라반;y
2685;6761;다리안관광지;y
2686;6763;다희펜션캠핑장;y
2687;6764;달궁힐링야영장;y
2688;6765;달서별빛캠프 캠핑장;y
2689;6768;대가야농촌문화체험특구 캠핑장;y
2690;677;다인캠핑장;y
2691;6771;스칸디캠프팜;y
2692;6773;대숲글램핑장;y
2693;6778;더좋은 펜션 캠핑장;y
2694;6779;덕유대 자연학습장;y
2695;6785;라온캠핑장;y
2696;6786;락인뜰;y
2697;6787;로하스 가족공원 캠핑장;y
2698;6788;리프레쉬 캠핑장;y
2699;6789;마검포 힐링캠핑장;y
2700;679;닥박골 휴양림;y
2701;6790;마실 야영장;y
2702;6791;마중펜션캠핑장;y
2703;6795;목사골 야영장;y
2704;6796;무거카라반;y
2705;6797;민머루 잼머;y
2706;6799;바람흔적 글램핑 앤 카라반;y
2707;6802;백사장사계절 숲속야영장;y
2708;6803;백양사 가인야영장;y
2709;6804;백운계곡캠핑장;y
2710;6806;뱀사골 힐링야영장;y
2711;6807;벨라캠핑장;y
2712;6808;변산반도국립공원 고사포 야영장;y
2713;681;단양 무지개 오토캠핑장;y
2714;6810;별빛마을;y
2715;6811;평창 보물섬캠핑장;y
2716;6814;부귀농원 가족캠프;y
2717;6817;블루비치 관광농원;y
2718;6818;비치캠핑장;y
2719;6819;비토 국민여가캠핑장;y
2720;6821;산들바다관광농원;y
2721;6822;삼정야영장;y
2722;6825;상주보 오토캠핑장;y
2723;6828;서운산 자연휴양림 자동차야영장;y
2724;6829;서후리캠핑장;y
2725;6830;선양캠핑장;y
2726;6832;섬바위캠핑장;y
2727;6836;송하루 오토캠핑장;y
2728;6838;수리덤 캠핑장;y
2729;684;단양팔경투어;y
2730;6840;숲속야영장 휴림;y
2731;6841;숲속에서 캠핑장;y
2732;6842;숲속의 정든집 야영장;y
2733;6845;스마일캠핑장;y
2734;6848;캠프 에이프릴;y
2735;6850;양산숲오토캠핑장;y
2736;6851;어라운드폴리;y
2737;6853;에덴 오토 캠핑장;y
2738;6856;연지곤지 캠핑장;y
2739;6857;연천 사미천 캠핑장;y
2740;6861;오아시스글램핑;y
2741;6862;오크밸리카라반캠핑장;y
2742;6864;와글와글 캠핑스토리 캠프산음;y
2743;6865;왕송호수 캠핑장;y
2744;689;단호샌드파크 자동차야영장;y
2745;69;가람펜션캠핑장;y
2746;691;달곡캠프;y
2747;692;달과별 캠핑장;y
2748;6942;(주)밀모 빨강치마 야영장;y
2749;6943;(주)밀모 빨강치마자동차야영장;y
2750;6944;(주)수동자연마을 힐링별밤수목원캠핑장;y
2751;6946;청보리오토캠핑장;y
2752;6947;캠프통 아일랜드;y
2753;6948;007흥정계곡 반딧불 캠핑장;y
2754;6949;메이플트리글램핑;y
2755;6951;캡틴 카라반 글램핑;y
2756;6953;각흘계곡 캠핑장;y
2757;6954;검디 관광농원 야영장;y
2758;6955;MK골드캠프;y
2759;6956;공수전리 마을 휴향지;y
2760;6957;구름위산책;y
2761;6959;국립화천 숲속야영장;y
2762;696;달궁자동차 야영장;y
2763;6960;그랑블루 글램핑야영장;y
2764;6961;스톤힐;y
2765;6962;길안 다슬기캠프;y
2766;6963;깊이울유원지 캠핑장;y
2767;6965;남원 백두대간 힐링캠핑장;y
2768;6966;뉴힐링캠프;y
2769;6967;양평 다목적캠핑장;y
2770;6968;단양 남천 캠핑장;y
2771;6969;달재오토캠핑장;y
2772;697;달빛고운 월성캠핑장;y
2773;6970;연천 당포성 캠핑장;y
2774;6971;대관령자연휴양림;y
2775;6972;대천해수욕장 야영장;y
2776;6973;도학 오토캠핑장;y
2777;6974;동강아름캠프;y
2778;6975;동강전망휴양림오토캠핑장;y
2779;6976;동물카라반;y
2780;6977;동산계곡 야영장;y
2781;6978;두산 캠핑장;y
2782;6979;마장호수 휴 캠핑장;y
2783;698;달빛고운병곡캠핑장;y
2784;6980;하얀숲 오토&글램핑;y
2785;6981;계곡메사 오토캠핑장펜션;y
2786;6982;메이 더 카라반;y
2787;6983;제이스글램핑;y
2788;6984;몽산포 자동차 야영장;y
2789;6985;무녀도 오토캠핑장;y
2790;6986;무창포오토캠핑장;y
2791;6987;밀양아리랑 오토캠핑장;y
2792;6988;바다의 별 관광농원;y
2793;6989;바다풍경카라반;y
2794;699;달빛글램핑장;y
2795;6990;밤골야영장;y
2796;6991;백담고을캠핑장;y
2797;6993;별밤펜션 캠핑장;y
2798;6994;별빛캠핑장;y
2799;6995;별자리 농원;y
2800;6997;분지울작은캠프장;y
2801;6998;비체올린;y
2802;6999;산골캠핑장;y
2803;70;가래골농원 캠핑장;y
2804;7001;산중오토캠핑장;y
2805;7002;새연카라반리조트;y
2806;7003;샛별글램핑;y
2807;7004;서산글램핑;y
2808;7005;성주산 자연휴양림;y
2809;7006;무창포솔원캠핑장;y
2810;7007;수락 캠핑장;y
2811;7008;숲속의하모니;y
2812;7009;스톤밸리캠핑장;y
2813;701;달숲 캠핑장;y
2814;7013;아프리카예술박물관 캠핑장;y
2815;7016;얼음골애플 오토캠핑장;y
2816;7017;엄둔솔밭빌리지;y
2817;7019;엘림펜션 오토캠핑장;y
2818;702;달이머무는집;y
2819;7020;더엠캠프;y
2820;7023;영주호오토캠핑장;y
2821;7024;오름새;y
2822;7025;와룡자연휴양림 야영장;y
2823;7026;와룡자연휴양림 자동차야영장;y
2824;7027;왕피천관광농원;y
2825;7028;미라클캠프;y
2826;7029;용인반딧불캠핑장;y
2827;703;달자캠핑장;y
2828;7030;용인밤골캠핑장;y
2829;7032;용천토리 오토캠핑장;y
2830;7033;용추밸리 캠프 야영장;y
2831;7034;운산리 구라이골 캠핑장;y
2832;7035;워렉스 캠핑랜드;y
2833;7036;월계수 캠핑장;y
2834;7037;월성오토캠핑장;y
2835;7039;은빛물결캠핑장;y
2836;704;달천공원오토캠핑장;y
2837;7040;의령나루캠프;y
2838;7043;입화산 참살이숲 제2오토캠핑장;y
2839;7044;자연속 캠핑장;y
2840;7046;정원캠핑장;y
2841;7047;제이원빌리지;y
2842;7049;제천 명암 오토캠핑장;y
2843;705;달콤한 캠핑장;y
2844;7050;제천 모노레일 글램핑;y
2845;7051;제천공전자연 캠핑장;y
2846;7052;조은자리 캠핑장;y
2847;7053;주노글램핑 인 광주;y
2848;7057;지리산 카라반 캠핑장;y
2849;7058;진틀펜션캠핑장;y
2850;7059;천보산자연휴양림 캠핑장;y
2851;706;담양 대나무골 야영장;y
2852;7060;월출산국립공원 천황야영장;y
2853;7061;철이네 캠핑랜드;y
2854;7063;청빈낙원캠핑장;y
2855;7065;초원숲속야영장;y
2856;7066;치유의 숲 야영장;y
2857;7067;치인야영장;y
2858;7068;칠선계곡글램핑;y
2859;7069;캠프 안단테;y
2860;7071;쿼크밸리 캠프;y
2861;7072;탄도항 노을 캠핑장;y
2862;7074;토함산관광농원(캠프5);y
2863;7075;한산도 통제영 테마마을 오토캠핑장;y
2864;7076;파계 오토캠핑장;y
2865;7077;파라독스 애견펜션 / 돔글램핑&오토캠핑장;y
2866;7078;파인 관광농원;y
2867;7079;파인힐빌리지 캠핑장;y
2868;7080;팔현야영장;y
2869;7082;펜션600 캠핑장;y
2870;7083;평화강변수목 캠핑장;y
2871;7084;포천계곡캠핑장;y
2872;7085;푸른고래 카라반 캠핑;y
2873;7087;프랭클리 글램핑;y
2874;7088;피플앤독 느티캠핑장;y
2875;7091;해금강호텔 야영장;y
2876;7092;해담마을 야영장;y
2877;7093;행복나드리 캠핑장;y
2878;7094;헬로 카라반;y
2879;7095;홀스킹덤 글램핑;y
2880;7096;화성시 향남 오토캠핑장;y
2881;7097;황금박쥐캠핑장;y
2882;7098;황방농원 캠핑장;y
2883;7099;휴일엔캠핑;y
2884;71;가루실캠프;y
2885;710;담터오지캠핑장;y
2886;7100;힐링아일랜드 글램핑;y
2887;7101;낙조힐링캠핑장;y
2888;7103;가평더스카이글램핑앤카라반;y
2889;7104;파이브이모션;y
2890;7105;캠핑엔비치;y
2891;7106;(주)포세이돈;y
2892;7107;914 해변 캠핑장;y
2893;7108;휴레스트 글램핑앤카라반;y
2894;7109;가마미야영장;y
2895;7110;가족소풍캠핑장;y
2896;7111;가평 물골숲 계곡 캠핑장;y
2897;7112;가평 오렌지캠프;y
2898;7113;가평썬 캠핑;y
2899;7114;가평카라반캠핑농원;y
2900;7115;개울가오토캠핑장;y
2901;7116;계곡풍경캠핑장;y
2902;7117;곤달비캠프;y
2903;7118;나인힐스;y
2904;7119;국립유명산자연휴양림(일반);y
2905;7120;궁지골 농원;y
2906;7121;금다래캠핑장;y
2907;7122;꽃내라팜;y
2908;7124;내소힐링캠프;y
2909;7125;네스트캠핑;y
2910;7126;녹천캠핑;y
2911;7127;느티나무 캠핑장;y
2912;7128;늘푸른쉼터;y
2913;7129;늘푸른캠핑장;y
2914;7130;다누리골테마파크;y
2915;7131;단풍숲캠핑장;y
2916;7132;담양 금성산성 오토캠핑장;y
2917;7134;두리캠핑장;y
2918;7135;두밀숲캠핑장;y
2919;7136;들꽃여울캠핑장;y
2920;7137;자이언트레저;y
2921;7139;리즈밸리 글램핑캠핑장;y
2922;714;당진해양캠핑공원;y
2923;7140;마루아라힐링캠프;y
2924;7141;마루한캠핑장;y
2925;7142;마운틴캠핑장;y
2926;7143;메타파크;y
2927;7144;명돈골 캠핑장;y
2928;7145;명성가족캠핑촌;y
2929;7146;몽돌바다캠핑장;y
2930;7147;문수산 캠핑장;y
2931;7148;물고기 관광농원;y
2932;715;당평오토캠핑장;y
2933;7150;백운계곡캠핑장;y
2934;7151;백운힐링 캠핑장;y
2935;7152;좋은외박캠핑장;y
2936;7153;별빛야영장;y
2937;7154;별빛테마마을 야영장;y
2938;7155;별빛오토캠핑장;y
2939;7156;별헤는 밤;y
2940;7157;보리산캠핑장;y
2941;7158;브라보캠핑장;y
2942;7159;남양주 별빛 캠핑장;y
2943;716;당항포 오토캠핑장;y
2944;7160;산으로간 니모 캠핑장;y
2945;7161;선재오토캠핑장;y
2946;7162;소풍캠핑장;y
2947;7163;솔바람 캠핑장;y
2948;7164;솔바람캠핑장;y
2949;7165;솔밭야영장;y
2950;7166;솔섬오토캠핑장;y
2951;7167;숲속에안뜰 캠핑장;y
2952;7168;숲속의 정원 캠핑장;y
2953;7170;신안우전설레미캠핑장;y
2954;7171;싱글벙글 캠핑장;y
2955;7172;씨밀레자연관광농원;y
2956;7173;아름다운글램핑장;y
2957;7174;아름빌;y
2958;7175;아리움캠핑장;y
2959;7178;알파고글램핑;y
2960;7179;양달캠핑장;y
2961;7180;에뜨유명산캠핑장;y
2962;7181;에이스카라반;y
2963;7182;연미향마을 오토캠핑장;y
2964;7185;올덴캠핑장;y
2965;7186;올래캠핑장;y
2966;7187;완도 명사십리 오토캠핑장;y
2967;7188;용수 그린랜드;y
2968;719;대가야역사테마관광지 캠핑장;y
2969;7191;용인힐링캠핑장;y
2970;7192;가평 우리들캠핑장&글램핑;y
2971;7193;유명산라온캠핑장;y
2972;7194;유명산밸리캠핑장;y
2973;7195;유명산힐링캠프;y
2974;7196;율포오토캠핑장;y
2975;7197;은석캠핑장;y
2976;7198;은석힐링마을캠핑장;y
2977;7200;풀문캠핑앤글램핑리조트;y
2978;7201;이순신 글램핑;y
2979;7202;황정민 글램핑;y
2980;7204;입화산 참살이 숲 야영장;y
2981;7205;장수방화동캠핑장;y
2982;7206;장수자연관광농원;y
2983;7207;제암산자연휴양림 야영장;y
2984;7208;주작산 별소리캠핑장;y
2985;7209;주작산자연휴양림 야영장;y
2986;721;지리산 대경캠핑장;y
2987;7210;추월산골드캠핑장;y
2988;7211;수피다 캠핑장;y
2989;7212;캠플레이 캠핑장;y
2990;7213;캠핑스마일;y
2991;7214;캠핑어클락;y
2992;7216;토토큰바위 캠핑장;y
2993;7217;티앤글램핑;y
2994;7218;파인포레스트 글램핑;y
2995;7219;파인힐캠프;y
2996;722;대관령솔내음오토캠핑장;y
2997;7220;팡팡캠핑장;y
2998;7222;포시즌;y
2999;7223;포시즌캠핑장;y
3000;7224;포시즌 캠핑장;y
3001;7226;플라워 카라반 펜션;y
3002;7227;플로렌스 글램핑 & 캠핑;y
3003;7228;존제산 하느제 캠핑장;y
3004;7229;가평설악 하늘계곡 캠핑장;y
3005;7230;하늘땅별땅 캠핑장;y
3006;7233;홀리데이캠핑장;y
3007;7234;화야 캠핑장;y
3008;7235;후평숲캠핑장;y
3009;7236;휴앤락캠핑장;y
3010;7237;힐링가평오토캠핑장;y
3011;7241;더포레스트 연지곤지점;y
3012;7245;솔내음 캠핑장;y
3013;7246;계곡과느티나무 캠핑장;y
3014;7247;청포대숲속야영장;y
3015;7248;통영 편백숲길관광농원 캠핑장;y
3016;7249;괴강관광농원 ;y
3017;725;대궐오토캠핑장;y
3018;7250;블루마린 캠핑장;y
3019;7251;함평자연생태글램핑앤오토캠핑장지점;y
3020;7253;베스트필드;y
3021;7254;평화누리캠핑장;y
3022;7255;화명 오토캠핑장;y
3023;7256;위천수변 테마파크;y
3024;7257;늘예솔글램핑;y
3025;7258;아쿠아마린캠핑장;y
3026;7264;임진물새롬센터 오토캠핑장;y
3027;7266;숲속의야영장;y
3028;7268;홍천강 자라바위 오토캠핑장;y
3029;7269;슬로우캠프;y
3030;7270;여울소리;y
3031;7271;천안시 국민여가캠핑장;y
3032;7273;테하스랜드 글램핑장;y
3033;7274;산림청 국립자연휴양림관리소;y
3034;7276;백운제 농어촌테마공원 자동차 야영장;y
3035;7279;사평풍류마을오토캠핑장;y
3036;728;대기리산촌체험학교야영장;y
3037;7281;돌머리 하우스캠핑;y
3038;7285;봉화솔향가득서울캠핑장;y
3039;7286;밀양 엄마랑놀자 키즈글램핑;y
3040;7287;궁농오토캠핑장;y
3041;7288;의령 거장산 오토캠핑장;y
3042;7291;클럽레스피아in삽교바다공원;y
3043;7292;청주시 현도오토캠핑장;y
3044;7296;성동 서울숲 여름캠핑장(임시캠핑장);y
3045;73;가리산자연휴양림 야영장;y
3046;7300;장안캠프;y
3047;7303;바다마을 팬션;y
3048;7304;인천대공원 캠핑장;y
3049;7308;뮤즈캠핑장;y
3050;7309;쥬라기 카라반;y
3051;731;대덕 관광농원;y
3052;7310;강화도 아침 숲속야영장;y
3053;7311;장경리해변 야영장;y
3054;7314;국립중앙과학관;y
3055;7315;등억알프스야영장;y
3056;7316;해오름 야영장;y
3057;7318;울주해양레포츠센터 야영장;y
3058;7319;북한산농바위캠핑장;y
3059;7320;(주)대산기획피케이씨;y
3060;7322;작은쉼터야영장;y
3061;7323;물왕숲캠핑파크;y
3062;7324;소풍캠핑장;y
3063;7329;초리 포레스트;y
3064;733;불멸의 글램핑;y
3065;7330;자연의꿈;y
3066;7331;돌산캠핑장;y
3067;7333;안성운모석캠핑장;y
3068;7336;헬로우 힐 연인산 캠핑장;y
3069;7337;엄소리오토캠핑장;y
3070;7338;블루래빗;y
3071;734;대둔산 그린시티 오토캠핑장;y
3072;7340;새연 글램핑 카라반 설악2호점;y
3073;7341;메타피아 오래캠핑장 & 카라반;y
3074;7342;파마스힐 캠핑장;y
3075;7343;앙티브;y
3076;7344;소노휴 양평;y
3077;7345;더휴글램핑;y
3078;7346;산대분교공공캠핑장;y
3079;7347;제이드별빛카라반 캠핑장;y
3080;7348;강촌밸리;y
3081;7351;춘천하늘캠핑장;y
3082;7352;강촌버즈글램핑;y
3083;7353;간현관광지 캠핑장;y
3084;7355;피노키오관광농원 야영장;y
3085;7357;베이스캠프;y
3086;7358;속초 밤하늘글램핑;y
3087;7359;어울림글램핑;y
3088;7360;개똥이네캠핑장;y
3089;7361;J캠핑장;y
3090;7362;홍천 무네미 별마루 관광농원;y
3091;7363;가람리조트;y
3092;7364;검산별빛캠핑장;y
3093;7365;용오름캠핑장;y
3094;7368;예담숲;y
3095;7369;몬테리오;y
3096;7370;횡성 노다지야영장 불타는 삼촌;y
3097;7372;선바위자연캠핑장;y
3098;7373;나우캠핑장관광농원;y
3099;7375;동당미펜션 야영장;y
3100;7379;동빈네 캠핑장;y
3101;7380;백년펜션 야영장;y
3102;7381;스카이 펜션&캠핑장;y
3103;7382;다솜이 야영장;y
3104;7383;청풍명월;y
3105;7384;숲속의 작은집;y
3106;7385;내리계곡 솔밭캠핑장;y
3107;7386;별이빛나는밤에 글램핑;y
3108;7387;평창 태기산 캠핑장 펜션;y
3109;7389;가리왕산 자건재;y
3110;739;대둔산글램핑캠핑장;y
3111;7390;연포분교야영장;y
3112;7391;밤개울캠핑장;y
3113;7394;폭포 캠핑 야영장;y
3114;7401;배론의아침;y
3115;7402;깃대 캠핑장;y
3116;7403;나드리 캠핑장;y
3117;7404;솔베이캠핑장;y
3118;7405;개차반캠핑장;y
3119;7406;갈론계곡캠핑장;y
3120;7407;솔밭캠프;y
3121;7408;원남지야영장;y
3122;7409;한스빌리지;y
3123;7410;파인 카라반 캠핑장;y
3124;7411;캠핑하우스;y
3125;7412;정안 글램핑;y
3126;7414;놀자캠핑;y
3127;7415;더반 힐 글램핑;y
3128;7416;팔봉갯벌체험야영장;y
3129;7420;바다물결캠핑장;y
3130;7424;관리도캠핑장;y
3131;7426;수류산골야영장;y
3132;7427;비채야영장;y
3133;7428;로뎀하우스;y
3134;7430;무주 향로산 자연휴양림;y
3135;7431;옥수골계곡펜션야영장;y
3136;7435;핫캠핑장;y
3137;7437;라온야영장;y
3138;7438;하늘나리 캠핑장;y
3139;7440;덕룡산캠핑장;y
3140;7441;톱머리 글램핑장;y
3141;7442;회산백련지 오토캠핑장;y
3142;7443;캠핑아이;y
3143;7444;솔내음 물댄동산 야영장;y
3144;7446;불태산야영장;y
3145;7457;유니의바다 카라반캠핑장;y
3146;7458;숲속의드림캠프야영장;y
3147;7460;토함산 락 글램핑;y
3148;7461;사나래카라반캠핑;y
3149;7464;용천수캠핑장;y
3150;7465;스카이레저;y
3151;7466;경주생태원캠핑장;y
3152;7467;경주 더숲 관광농원;y
3153;7468;두바퀴로 가는 자동차 관광농원;y
3154;7469;송림오토캠핑장;y
3155;7470;소백산 꽃가람야영장;y
3156;7471;글램코티지;y
3157;7474;하비리조트;y
3158;7475;신난다 글램핑;y
3159;7476;삼계리주말농원캠핑장;y
3160;7477;상비오토캠핑;y
3161;7478;소망캠핑장;y
3162;7480;가산수피아 캠핑장;y
3163;7481;농업회사법인 오송 주식회사;y
3164;7482;이지캠핑;y
3165;7483;봉화별캠핑장;y
3166;7484;무학봉 야영장;y
3167;7485;불영계곡 캠핑장;y
3168;7486;해간도캠핑장;y
3169;7488;캠프라임;y
3170;7489;창녕별숲글램핑;y
3171;7490;버드하우스 캠핑장;y
3172;7491;남해 더왕 글램핑장;y
3173;7492;지리산 하루해 야영장;y
3174;7493;경호강 카라반;y
3175;7494;BABO글램핑;y
3176;7496;지리산리조트 글램핑;y
3177;7497;용추글램핑&펜션;y
3178;7498;합천은하수글램핑&카라반;y
3179;7499;합천해피캠핑;y
3180;75;가마실캠핑장;y
3181;7500;장흥숲길캠핑장;y
3182;7501;별을 다는 아이;y
3183;7502;양주 탑 관광농원 글램핑장;y
3184;7505;깊이울마을 야영장;y
3185;7506;HJ글램핑&쌤초이글램핑;y
3186;7507;당진난지도 국민여가캠핑장;y
3187;7509;다온숲;y
3188;751;대부도캠핑성;y
3189;7515;디-포레 카라반 파크;y
3190;7518;솔라캠프;y
3191;7519;청포대 휴 야영장;y
3192;7520;나라펜션캠핑장;y
3193;7523;와우키즈랜드 야영장;y
3194;7524;부에노스아이레스;y
3195;7525;비토애;y
3196;7526;파주쇠꼴마을고고캠핑장;y
3197;7527;산책;y
3198;7528;고창갯벌오토캠핑&글램핑장;y
3199;7530;고목정;y
3200;7531;글램핑스테이션;y
3201;7532;사계절 야영장;y
3202;7533;대부도나라캠핑장;y
3203;7535;아이뜰관광농원;y
3204;7536;휴림;y
3205;7537;백운산캠핑장;y
3206;7538;진달래 관광농원 캠핑장;y
3207;7539;라무키즈글램핑;y
3208;7540;전원 오토캠핑장;y
3209;7541;전월산 국민여가캠핑장;y
3210;7542;에제르파크;y
3211;7543;내리계곡 솔바람 캠핑장;y
3212;7544;해자연캠핑장;y
3213;7545;수덕 캠핑장;y
3214;7547;도봉야영장;y
3215;7548;몽산포오토캠핑장;y
3216;7549;몽산포패밀리데이캠핑장;y
3217;755;대성글램핑;y
3218;7550;솔향기캠핑장;y
3219;7551;렛츠캠핑;y
3220;7552;별빛마루 야영장;y
3221;7554;젤루느린 달팽이;y
3222;7556;아르보리아파크 캠핑장;y
3223;7557;학암포나로야영장;y
3224;7558;청주시 미래지농촌테마공원 오토캠핑장;y
3225;7559;그라티아 글램핑;y
3226;7560;진밭골야영장;y
3227;7561;와우파크;y
3228;7562;팜스토리;y
3229;7563;트리앤캠프스토리;y
3230;7564;사목힐링캠프 태안캠핑농원;y
3231;7565;충주커피박물관 글램핑카라반펜션;y
3232;7566;독립기념관 캠핑장;y
3233;7567;물동네 힐링 야영장;y
3234;7568;용담댐 오토 캠핑장;y
3235;7569;대부관광농원 오캠핑;y
3236;7570;평화의댐 오토캠핑장;y
3237;7571;김제 모악산 캠핑파크;y
3238;7572;펫 트리파크;y
3239;7573;상주 감꽃마을 서울캠핑장;y
3240;7574;알파카스테이;y
3241;7575;달콤이네 캠핑장;y
3242;7576;노을캠핑장;y
3243;7577;어망골 캠핑장;y
3244;7578;별곰 캠핑힐;y
3245;7580;해오름 글램핑;y
3246;7581;오페라캠핑장;y
3247;7583;stay714;y
3248;7584;깊이울관광농원;y
3249;7585;홍천 쁘띠힐링카라반;y
3250;7586;마로니에숲 캠핑장;y
3251;7587;돌개 마실 캠핑장;y
3252;7588;월드니스 오토캠핑장;y
3253;7589;갈릴리 야영장;y
3254;7590;백미리 희망캠핑장;y
3255;7591;외룡송어회 캠핑장;y
3256;7593;시공간;y
3257;7594;명파 해변 오토캠핑장;y
3258;7595;풀앤밸리야영장;y
3259;7596;서창캠핑장;y
3260;7597;정화네불한증막 힐링캠프;y
3261;7598;자바카라반;y
3262;7599;합천 씨파크;y
3263;76;가산 글램핑;y
3264;7600;드위트리 글램핑;y
3265;7601;하와이언캠프;y
3266;7602;용추솔밭관광농원;y
3267;7603;광주패밀리랜드 카라반캠핑장;y
3268;7604;두레캠핑장;y
3269;7605;솔향강릉오토캠핑장;y
3270;7606;섬진강캠핑장;y
3271;7607;삿갓펜션 캠핑장;y
3272;7608;히어리캠핑장;y
3273;7609;장신리 마을관리휴양지 야영장;y
3274;761;대왕암공원 캠핑장;y
3275;7611;넵투누스 카라반;y
3276;7612;대가야캠프타운;y
3277;7613;황산도캠핑장;y
3278;7614;다목적광장 야영장;y
3279;7616;강릉여행 굿캠핑;y
3280;7617;몽산포오토캠핑장 2구역;y
3281;7621;우리두리글램핑장;y
3282;7625;블루파크;y
3283;7626;푸른섬 캠핑장;y
3284;7627;뉴욕카라반;y
3285;7628;산유리캠핑장;y
3286;7629;금관숲캠핑장;y
3287;763;대운산 자연휴양림 야영장;y
3288;7630;파라다이스캠프;y
3289;7631;프렌즈캠핑장;y
3290;7632;범화권역 글램핑장;y
3291;7633;동양원목캠핑장;y
3292;7634;오시유;y
3293;7635;산중호걸 글램핑;y
3294;7636;용소캠핑장;y
3295;7637;문경 카라반파파;y
3296;7638;유수암 캠핑장;y
3297;7639;소백산마을 캠핑장;y
3298;7640;동해 주노글램핑장;y
3299;7641;말보로맨 오토캠핑장;y
3300;7642;십리포해수욕장 야영장;y
3301;7643;풀무골 글램핑장;y
3302;7644;어거스트캠핑장;y
3303;7645;오하브;y
3304;7646;하늘정원캠핑장;y
3305;7647;꿈꾸는 계곡 야영장;y
3306;7648;토일관광농원;y
3307;7650;맑은물소리캠핑장;y
3308;7651;칠성캠핑장;y
3309;7653;방길낚시캠핑장;y
3310;7655;오션포레글램핑;y
3311;766;대장경오토캠핑장;y
3312;7661;왕피천 숲속 캠핑장;y
3313;7663;서해캠핑장;y
3314;7664;펫힐링 달빛동물원 캠핑장;y
3315;7665;영월 솔향기 캠핑장;y
3316;7669;북극곰 야영장;y
3317;767;용인 대장금파크 글램핑 카라반;y
3318;7670;호랑이캠핑 가평점;y
3319;7672;칠포그린로즈야영장;y
3320;7673;도화지오토캠핑장;y
3321;7674;별천지야영장;y
3322;7675;웰컴투캠프;y
3323;7676;다놀자캠핑장;y
3324;7678;가진해변 야영장;y
3325;7680;청간 해변 야영장;y
3326;7681;화진포해수욕장(거진) 야영장;y
3327;7682;도원리 마을관리휴양지 야영장;y
3328;7684;삼포해변 야영장;y
3329;7685;천진해변야영장;y
3330;7686;공현진1리 해변 야영장;y
3331;7687;반암해변 야영장;y
3332;7688;자작도 해변 야영장;y
3333;7689;삼포2리 야영장;y
3334;769;대저 캠핑장;y
3335;7690;거진11리해변야영장;y
3336;7691;공현진2리 해변 야영장;y
3337;7693;영암군 국민여가 캠핑장;y
3338;7694;블루문캠핑장;y
3339;77;가산산성 야영장;y
3340;7704;용화해수욕장 야영장;y
3341;7706;영암 글램핑;y
3342;7707;영덕 더스트림 카라반야영장;y
3343;7708;타요캠핑장;y
3344;7709;에스글램핑;y
3345;7710;장항오토캠핑장;y
3346;7713;포레스트 캠핑장;y
3347;7714;명도그 오토캠핑장;y
3348;7716;선인장;y
3349;7717;철이네캠핑장;y
3350;7719;자연과함께 펜션캠핑장;y
3351;7722;몽산포오션캠핑장;y
3352;7724;화진포 솔밭야영장;y
3353;7725;봉평해수욕장;y
3354;7726;소나무 풍경 펜션 야영장;y
3355;7727;자연에 머물다;y
3356;7728;원스캠핑장;y
3357;7729;잔야캠핑;y
3358;7731;잣향기푸른숲캠핑장;y
3359;7732;핀란드캠핑성;y
3360;7733;케렌시아캠핑장;y
3361;7734;울산 힐링캠프;y
3362;7735;하남 야영장;y
3363;7736;디데이펜션&캠핑;y
3364;7737;하솜캠프;y
3365;7738;집다리캠핑장;y
3366;7739;마인드 글램퍼스;y
3367;774;상양관광농원;y
3368;7740;더캠프;y
3369;7741;보광농촌체험휴양마을;y
3370;7742;여수자매로캠핑장;y
3371;7744;태백구문소힐링캠프;y
3372;7745;세계캠핑체험존;y
3373;7747;키친파크앤글램지;y
3374;7748;KEROAIN CAMP;y
3375;7749;오지봉커뮤니센터 야영장;y
3376;7750;덕산해변 캠핑장;y
3377;7751;화원684글램핑;y
3378;7752;(주)오리장림 관광농원 자동차야영장 ;y
3379;7753;맹방 비치캠핑장;y
3380;7754;강화바다관광농원;y
3381;7755;양주 하늘캠핑장;y
3382;7756;금호강 오토캠핑장;y
3383;7757;가야산오토캠핑장;y
3384;7758;문앤스타 캠핑장;y
3385;7759;그림책동화마을 품 캠핑장;y
3386;7760;노산팔경 캠핑장;y
3387;7761;팜스테이 글램핑 앤 펜션;y
3388;7762;불스글램핑 함평점;y
3389;7763;이천농업테마공원 국민여가캠핑장;y
3390;7764;연지곤지팜캠핑장;y
3391;7765;에버그린 캠핑장;y
3392;7766;카우 글램핑;y
3393;7767;대천용두야영장;y
3394;7768;아지트글램핑농원;y
3395;7769;얼음골 캠핑장;y
3396;777;물소리 캠핑장;y
3397;7770;소회산리멍우리협곡관광농원(캠핑장);y
3398;7771;아쿠아베이(주) 글램핑;y
3399;7772;열두달캠핑장;y
3400;7773;산호야관광농원;y
3401;7774;토리아이글램핑;y
3402;7775;에어그라운드;y
3403;7776;라리비에르;y
3404;7777;할매야영장;y
3405;7778;포항국민여가캠핑장;y
3406;7779;인스타글램;y
3407;7780;호명산잣나무숲속캠핑장;y
3408;7781;더 포레스트;y
3409;7782;벨루아야영장;y
3410;7783;가야산 캠핑장;y
3411;7784;윤제림오토캠핑장;y
3412;7785;가창글램핑장;y
3413;7786;(유)금강 두승산 글램핑;y
3414;7787;동강빌리지 야영장;y
3415;7788;이화야영장;y
3416;7789;행화촌자연테마파크;y
3417;7790;가온빌리지;y
3418;7791;양양 포레스트캠핑장;y
3419;7792;파이어씨드;y
3420;7793;캠핑in곡성;y
3421;7794;클라인캠프 빌리지;y
3422;7795;산내들 야영장;y
3423;7796;장성잔디로야영장;y
3424;7797;백담정 캠핑장;y
3425;7798;루파니애견캠핑장;y
3426;7799;대부도 아라뜰 캠핑장;y
3427;780;팝콘야영장;y
3428;7800;경호강변오토캠핑장;y
3429;7801;마실캠핑장;y
3430;7802;봄날처럼;y
3431;7803;봉스글램핑;y
3432;7805;죠스글램핑;y
3433;7807;화기애애 단풍 캠핑장;y
3434;7808;뚜뚜글램핑;y
3435;7809;은이골가족캠핑장;y
3436;7811;한반도 솔숲 쉼터;y
3437;7812;청송오토캠핑장;y
3438;7814;휴랜드관광농원;y
3439;7815;꿈꾸는 농부 오토캠핑장;y
3440;7816;청수가든;y
3441;7817;숲속야영장 횡성대피소;y
3442;7818;마의태자캠핑장;y
3443;7819;수리덤 숲속야영장;y
3444;782;대현캠핑장;y
3445;7820;가평글램트리리조트;y
3446;7821;안목커피거리카라반캠핑;y
3447;7822;한중실크로드(주);y
3448;7823;양주캠핑;y
3449;7824;베리굿 오토캠핑장;y
3450;7825;아로니움글램핑;y
3451;7826;연천 전곡리유적 구석기 체험숲;y
3452;7827;송계계곡 숙박단지;y
3453;7828;J글램핑;y
3454;783;대호레져글램핑;y
3455;7830;내리 캠핑장;y
3456;7831;바람이좋은저녁;y
3457;7832;힐링스토리펜션야영장;y
3458;7834;자유캠핑장;y
3459;7835;마노아워터캠핑장;y
3460;7836;안성허브마을캠핑장;y
3461;7837;태백 눈꽃 야영장;y
3462;7838;상주 가족캠핑장;y
3463;7839;용설호수캠핑장;y
3464;784;대회산캠핑장;y
3465;7840;너리굴문화마을 캠핑장;y
3466;7841;심천공원 오토캠핌장;y
3467;7842;석갱이오토캠핑장;y
3468;7843;자연카라반 캠핑장;y
3469;7844;따봉캠핑장;y
3470;7845;자두마을;y
3471;7846;학천야영장;y
3472;7847;사계절랜드파크마검포텐트오토캠핑야영장;y
3473;7848;화양동야영장;y
3474;7849;청송 얼음골 야영장;y
3475;785;더드림핑 야영장;y
3476;7850;반디품은마을;y
3477;7851;다 그린;y
3478;7852;인제소재골야영장;y
3479;7853;풀내음캠핑장;y
3480;7854;은하수 캠핑장;y
3481;7855;징검다리 캠핑장;y
3482;7856;엘리캠핑장;y
3483;7857;연포제1야영장;y
3484;7858;강화무지개글램핑;y
3485;7859;블루아라한시캠핑장;y
3486;7860;문경 단산 숲속 캠핑장;y
3487;7861;프라도 캠핑장;y
3488;7862;하너미 캠핑장;y
3489;7864;가로림글램핑&풀빌라펜션;y
3490;7865;포포나무야영장;y
3491;7866;몽산포그린캠핑장;y
3492;7867;숲속 캠핑장;y
3493;7868;서울 서초 글램핑 청계산장;y
3494;7869;코코로망스;y
3495;787;더무빙카라반;y
3496;7870;밀양캠핑홀릭;y
3497;7871;청평원레저타운;y
3498;7872;리버뷰캠핑장;y
3499;7873;홍천강 이야기 글램핑;y
3500;7875;수동시온캠프;y
3501;7876;레이크문캠핑장;y
3502;7877;고재 야영장;y
3503;7878;빨간집 야영장;y
3504;7879;구곡폭포 국민여가 캠핑장;y
3505;788;더불어사는터;y
3506;7880;모나캠핑파크 카라반;y
3507;7882;여울지숲속캠핑장;y
3508;7883;군위전투전승기념공원 캠핑장;y
3509;7884;영월아트앤캠프장;y
3510;7885;캐빈;y
3511;7886;사강스마트팜캠핑장;y
3512;7887;소백산 신선펜션 & 캠핑;y
3513;7888;독스아웃;y
3514;7889;왜목오토캠핑장;y
3515;789;더숲관광농원캠핑장;y
3516;7890;무주 별빛 카라반;y
3517;7892;선라이즈글램핑;y
3518;7893;세울터 오토캠핑장;y
3519;7894;대황강 자연휴식체험장 야영장;y
3520;7895;붉은오름 자연휴양림 숲속 야영장;y
3521;7896;천사섬캠핑&글램핑;y
3522;7898;문수산 자연휴양림 야영장;y
3523;7899;메아리 글램핑장;y
3524;7900;아레나글램핑;y
3525;7901;캠프포레;y
3526;7902;진여지야영장;y
3527;7903;멍글멍글바베큐;y
3528;7904;다덕약수관광지 캠핑장;y
3529;7905;용문산 해와달;y
3530;7906;풀무산 캠핑장;y
3531;7907;해미읍성역사캠핑장;y
3532;7908;아라미르글램핑;y
3533;7909;보성강 용정권역 어울마당 야영장;y
3534;791;더시크릿가든 캠프지라운드;y
3535;7910;양양오색 휴랜드 야영장;y
3536;7911;다온세울터 야영장;y
3537;7912;숲속야영장;y
3538;7913;소요별앤숲테마파크;y
3539;7914;백운일출캠핑장;y
3540;7915;강릉 금진리321카라반;y
3541;7916;블루밍;y
3542;7917;별무리;y
3543;7918;귀촌 관광농원;y
3544;7920;가고파캠핑장;y
3545;7922;모모카라반;y
3546;7924;덕산참숯랜드;y
3547;7925;춘천별빛캠핑장;y
3548;7926;가평포레스트카라반랜드;y
3549;7927;아이사랑캠핑장;y
3550;7928;하늘바다글램핑;y
3551;7929;운일암반일암 국민여가캠핑장;y
3552;7930;대둔산 수락캠핑장;y
3553;7931;힐링빌리지;y
3554;7932;(주)두산개발 별고을테마파크;y
3555;7934;좋은 카라반;y
3556;7935;성주선바위캠핑장;y
3557;7936;이화만리캠핑장;y
3558;7939;도담오토캠핑장;y
3559;794;더캠프 렌탈캠핑;y
3560;7940;수림 휴원;y
3561;7942;학현아름마을오토캠핑장;y
3562;7943;팔봉참살이오토캠핑장;y
3563;7944;럭셔리 안성(M) 글램핑장;y
3564;7945;원산도 소록도 (한시) 일반야영장;y
3565;7946;원산도 해수욕장 야영장;y
3566;7948;답게;y
3567;7949;축령산 오션파크;y
3568;7950;매미캠프;y
3569;7951;올레야영장;y
3570;7952;글렌 252;y
3571;7953;자양보오토캠핑장;y
3572;7954;황매산미리내파크 오토캠핑장;y
3573;7955;돈내미농장;y
3574;7956;삼강나루캠핑장;y
3575;7957;산내자연캠프;y
3576;7958;성북구 삼척수련원;y
3577;7959;별똥별 글램핑;y
3578;7961;파주 철갑상어 유원지;y
3579;7962;하조대캠핑카;y
3580;7963;강동오토캠핑장;y
3581;7964;몽산포힐링캠핑장;y
3582;7965;몽골캠핑장;y
3583;7966;원주웰빙캠프;y
3584;7967;천왕산 가족캠핑장;y
3585;7969;고운마을캠핑장;y
3586;797;더 프라우드;y
3587;7970;한탄강둘레길캠핑장;y
3588;7971;솔미캠핑장;y
3589;7972;주식회사비브릿지글램핑;y
3590;7973;영월한반도캠핑장;y
3591;7974;범도아리아글램핑;y
3592;7975;양평카라반파파;y
3593;7976;거창서핑파크;y
3594;7977;강나루야영장;y
3595;7979;천보wellness캠핑장;y
3596;798;더하루야영장;y
3597;7980;스카이랜드리조트;y
3598;7981;별빛밤바다;y
3599;7982;커몽 그라운드;y
3600;7983;가평무릉도원캠핑장;y
3601;7984;리썸카라반;y
3602;7985;백자동 캠핑장;y
3603;7986;도명산캠핑장;y
3604;7987;옥전캠핑장;y
3605;7988;광덕그린농원 야영장;y
3606;7989;늘솔길 캠핑장;y
3607;7990;동두천 자연휴양림;y
3608;7991;(주)수피아캠핑카라반;y
3609;7992;양주 패밀리 캠핑장;y
3610;7993;연천리버힐캠핑장;y
3611;7995;욕지도 관광농원;y
3612;7996;산타캠핑장;y
3613;7997;고령 대가야 카라반;y
3614;7998;캠핑소리251;y
3615;7999;새움정;y
3616;80;가야권역 소리마실 영농조합법인;y
3617;800;덕동계곡 오토캠핑장;y
3618;8000;용인 룰루랄라 캠핑장;y
3619;8001;코뿔소글램핑;y
3620;8002;배티하우스;y
3621;8003;보다더캠핑;y
3622;8004;한성연수원 야영장;y
3623;8006;젤리캠핑장;y
3624;8007;행운야영장;y
3625;8008;지리산 호수공원 오토캠핑장;y
3626;8009;산청펫글램핑;y
3627;801;덕동 산상낙원;y
3628;8010;트리하우스계곡야영장;y
3629;8011;아우노펠리스;y
3630;8012;화순 고인돌 오토캠핑장;y
3631;8013;문암진1리 번영회(백도해변야영장);y
3632;8014;노을진 캠핑장;y
3633;8015;몽고몽고글램핑;y
3634;8016;성보촌 캠핑장;y
3635;8017;바람부리 별밤 캠핑장;y
3636;8018;더 노은로 캠핑장;y
3637;8019;나주 죽산보 오토캠핑장;y
3638;8020;청풍호반 오토캠핑장;y
3639;8022;지리산생태체험단지;y
3640;8023;월등도 캠핑장;y
3641;8025;인천송도국제캠핑장;y
3642;8026;가평 워크샵 캠핑장 씨브이;y
3643;8027;제천카라반 더그린;y
3644;8028;더하루캠핑파크;y
3645;8029;강화카라반해변;y
3646;803;덕동골 오토캠핑장;y
3647;8030;유곡면 농촌체험랜드;y
3648;8031;우리동네 캠핑장;y
3649;8032;약사밤나무집 캠핑장;y
3650;8033;수산하늘풍경;y
3651;8034;우니메이카 캠핑장 양양점;y
3652;8035;시골학교캠핑장;y
3653;8036;The하루만캠핑장;y
3654;8038;비손관광농원 야영장;y
3655;804;덕동자동차야영장;y
3656;8040;용인 둥지골 캠핑장;y
3657;8041;빙계얼음골 야영장;y
3658;8042;연인산 다목적 캠핑장;y
3659;8043;아만다키즈글램핑;y
3660;8044;캠프 인디오;y
3661;8045;함양라온캠핑장;y
3662;8046;조봉야영장;y
3663;8047;해울림영농조합법인;y
3664;8048;가야산백운오토캠핑장;y
3665;8049;골드펫리조트;y
3666;805;덕산국민여가캠핑장;y
3667;8050;무주 더 스위트 글램핑;y
3668;8051;퀘렌시아;y
3669;8052;강화도 크로바 캠핑장;y
3670;8053;그레이스 글램핑;y
3671;8054;러빙유 카라반 캠핑장;y
3672;8055;참살이 가족 캠핑장;y
3673;8056;달빛야영장;y
3674;8057;행복한 체험 캠핑장;y
3675;8058;캠프1530;y
3676;8059;다둥이네캠핑장;y
3677;8060;하기숲 가족캠핑장;y
3678;8061;힐링오름캠핑장;y
3679;8062;글로리아 야영장;y
3680;8063;채계산 구름 관광농원;y
3681;8064;신두리정원오토캠핑야영장;y
3682;8065;무지개캠핑장;y
3683;8066;제주 산내들 여행사;y
3684;8067;담터 금학캠핑장;y
3685;8068;은지가족야영장;y
3686;8069;명봉산솔밭관광농원오토캠핑장;y
3687;8070;선바위야영장;y
3688;8071;벨하우스 관광농원;y
3689;8072;탄도호캠핑장;y
3690;8073;파인트리캠핑장;y
3691;8074;광산구 국민여가 친환경 오토캠핑장;y
3692;8075;도둑골 신규;y
3693;8076;무릉관광농원;y
3694;8077;솔밭캠핑장;y
3695;8078;포시즌오토캠핑장(주식회사 제이에스 글로벌);y
3696;8079;바다야 놀자;y
3697;808;덕암호캠핑장;y
3698;8080;물과별캠핑장(하늘캠핑장);y
3699;8081;남작골 농촌체험휴양마을 야영장;y
3700;8082;우니메이카 고령점;y
3701;8083;수입리캠핑장;y
3702;8084;슬로우위켄드;y
3703;8085;보개산 야영장;y
3704;8086;동창선아트스테이;y
3705;8087;바람숲야영장;y
3706;8088;별바라기 캠핑 펜션;y
3707;8089;산정호수 돌고래 캠핑장;y
3708;8090;채움카라반리조트;y
3709;8091;숲내음카라반캠핑장;y
3710;8092;백제캠핑장;y
3711;8093;갈천힐링캠프;y
3712;8094;쭌카라반 캠핑장;y
3713;8095;포게더 카라반 지조개발;y
3714;8096;매물도야영장;y
3715;8098;블루문 오토캠핑;y
3716;8099;글램핑로망;y
3717;81;가야랜드달빛야영장;y
3718;810;덕유대 자동차야영장;y
3719;8100;(주)젠하이더웨이 트로컬하이드어웨이;y
3720;8101;주전패밀리캠핑장;y
3721;8102;안림딸기마을 캠핑장;y
3722;8103;보문카라반파크;y
3723;8104;와룡천 캠핑장;y
3724;8105;돌담 캠핑&가든;y
3725;8106;케이블카파크랜드 오토캠핑장;y
3726;8107;네이스트 프라이빗 음성;y
3727;8108;호수위의하루;y
3728;8109;둥지캠핑장;y
3729;811;무주덕유산계곡글램핑;y
3730;8110;안면도스쿨버스캠핑장;y
3731;8111;물의나라 캠핑장;y
3732;8112;에코팡팡캠핑장;y
3733;8113;아미캠핑장;y
3734;8114;일곱식구 캠핑장;y
3735;8115;산머루농원캠핑장;y
3736;8116;산내 명수관광농원;y
3737;8117;카우보이 캠핑장;y
3738;8118;평창자연속쉼표캡핑장;y
3739;8119;브룩스 캠핑장;y
3740;812;덕유산 자연휴양림;y
3741;8120;물가솔솔캠핑장;y
3742;8121;캠핑소사이어티;y
3743;8122;해마루 캠핑장;y
3744;8123;캠프오슬로;y
3745;8124;섬진강별빛야영장;y
3746;8125;편안캠핑장;y
3747;8126;휴가든 카라반;y
3748;8127;발자크펜션캠핑장;y
3749;8128;저스트글램핑;y
3750;813;덕유산700휠링캠프;y
3751;8130;러빙네이쳐;y
3752;8131;금계관광농원;y
3753;8132;아띠캠핑장;y
3754;8133;김삿갓삿갓 쉼터;y
3755;8134;강가민박캠핑장;y
3756;8135;우이동 가족캠핑장;y
3757;8136;달숲스테이;y
3758;8137;더 빌리지;y
3759;8138;휴먼캠핑장;y
3760;8139;곰취향 가득한 팔랑골 캠핑장;y
3761;814;덕유캠프농장;y
3762;8141;내를 건너서 숲으로 캠핑장;y
3763;8142;수승대체험휴양마을;y
3764;8143;범바위캠핑정원;y
3765;8144;살롱드캠핑;y
3766;8145;비토빌체험학교 캠핑장;y
3767;8146;의성펫월드 오토캠핑장;y
3768;8147;웨이브 글램핑;y
3769;8148;해피니스 캠핑장;y
3770;8149;봉황자연휴양림 숲속야영장;y
3771;8150;뷰델카라반펜션;y
3772;8151;달빛담은캠핑장;y
3773;8152;계곡 좋은 펜션 야영장;y
3774;8153;청도글램핑;y
3775;8154;파머스글램핑;y
3776;8156;모짜르트;y
3777;8157;태안노을숲캠핑장;y
3778;8158;해씨유;y
3779;8159;청평사 국민여가 캠핑장;y
3780;8160;가반나야영장;y
3781;8161;금강뷰;y
3782;8162;연종 캠핑장;y
3783;8163;소풍;y
3784;8164;보라보라카라반 캠핑장;y
3785;8165;밀양 가보자 캠핑장;y
3786;8166;프로미스;y
3787;8167;높은터 캠핑장;y
3788;8168;섬진강권역 거북이야영 캠핑장;y
3789;8169;십이선녀탕캠핑장;y
3790;817;김포덕포진누리캠핑장 주식회사;y
3791;8170;스타빌;y
3792;8171;더설렘;y
3793;8172;거림캠핑장;y
3794;8173;탄금호 야영장;y
3795;8174;크리스월드;y
3796;8175;진동리 국민여가캠핑장 by zapza;y
3797;8176;캠핑주막;y
3798;8179;몽산포감성캠핑장;y
3799;818;덕풍계곡마을야영장;y
3800;8180;오색허브농원 캠핑장;y
3801;8181;합천호 문워크 카라반 캠핑;y
3802;8182;강화 버팔로 캠팜;y
3803;8183;낭추골캠핑장;y
3804;8184;운악산진우네캠핑장;y
3805;8185;군위 솔밭야영장;y
3806;8187;젤코바 캠핑장;y
3807;8188;대둔산캠핑펜션오토캠핑장;y
3808;8189;거북선마을 캠핑장;y
3809;819;덕풍계곡 솔밭야영장;y
3810;8190;산으로 간 낚시꾼 캠핑장;y
3811;8191;가산산성마을 캠핑장;y
3812;8192;어썸비치;y
3813;8193;사르데냐 오토캠핑장;y
3814;8194;보성 지중해 야영장;y
3815;8195;낭도야영장;y
3816;8196;평암189 야영장;y
3817;8197;에코밸리 캠프;y
3818;8198;포레스트 캠핑장;y
3819;8199;두루웰 캠핑장;y
3820;8200;포천캠핑마을;y
3821;8201;고창군 선운산 국민여가캠핑장;y
3822;8202;양평숲 비룡캠프장;y
3823;8203;우니메이카(가평점);y
3824;8204;을전56오토캠핑장;y
3825;8205;꽃길글램핑;y
3826;8206;네잎클로버 캠핑장;y
3827;8207;달무리 캠핑장;y
3828;8208;승암159캠핑장;y
3829;8209;연천미라클타운;y
3830;821;덤바위 캠핑장;y
3831;8210;토리글램핑;y
3832;8211;그린필로우;y
3833;8212;우니메이카(연천점);y
3834;8213;노을길 야영장;y
3835;8214;천안밤나무골 가족캠핑농원;y
3836;8215;그린애캠핑장;y
3837;8216;두미리관광농원;y
3838;8217;도원야영장;y
3839;822;도고온천모두캠핑장;y
3840;824;도둑골 야영장;y
3841;826;도래재별빛마을캠핑장;y
3842;827;도레미 캠핑장;y
3843;828;도리돌 캠핑장;y
3844;829;도림사오토캠핑장;y
3845;831;도마치캠핑장;y
3846;833;도사곡자연휴양림야영장;y
3847;837;도원패밀리캠핑장;y
3848;839;도토리캠프;y
3849;84;가온누리캠핑체험장;y
3850;848;돌고래 하우스 카라반;y
3851;849;돌고래오토캠핑장;y
3852;85;가우도카라반펜션;y
3853;850;돌고래오토캠핑장2;y
3854;851;돌고래펜션야영장(일반);y
3855;853;돌담캠핑장;y
3856;855;돌배야영장(제1야영장);y
3857;856;돌배야영장(제2야영장);y
3858;859;돌집야영장;y
3859;86;가은해솔캠핑장;y
3860;860;돌풀마루;y
3861;862;동강글램핑;y
3862;866;동검도노을캠핑장;y
3863;869;동광농촌체험마을;y
3864;87;변산오토캠핑장;y
3865;872;동그라미캠핑장;y
3866;873;횡성동당미계곡캠핑장;y
3867;874;동막골야영장;y
3868;879;동방캠핑하우스;y
3869;881;동산포 캠핑장;y
3870;887;백련리조트(동원캠핑장);y
3871;889;망상 오토캠핑리조트;y
3872;896;동화야영장;y
3873;897;동화카라반캠핑장;y
3874;9;(주)쉐르빌리안티티;y
3875;90;가족쉼터;y
3876;900;두곡해수욕장야영장;y
3877;902;두레관광농원 아리솔캠핑장;y
3878;904;두리캠핑장;y
3879;908;두모마을야영장;y
3880;913;두산분교 캠핑장;y
3881;915;둔내캠프;y
3882;916;둘레길관광농원;y
3883;917;북한산 둥글이네 캠핑;y
3884;918;둥지캠핑장;y
3885;919;둥지펜션 캠핑장;y
3886;92;청계산 골든밸리 가족캠핑장;y
3887;922;득량만풍광휴식센터;y
3888;923;든해솔 계곡캠핑장;y
3889;927;들꽃피는언덕 캠핑장;y
3890;928;들살이오토캠핑장;y
3891;929;I go 오토캠핑장;y
3892;930;영암 들소리 키즈 글램핑;y
3893;931;들음카라반 캠핑장;y
3894;933;디투어스캠프클럽;y
3895;935;땅끝바다낚시터&글램핑;y
3896;936;땅끝오토캠핑장;y
3897;937;땅끝황토나라테마촌;y
3898;938;땅끝황토펜션야영장;y
3899;939;땅에미소 오토캠핑장;y
3900;944;또올래캠핑장;y
3901;100060;노마드 캠프;y
3902;100214;종이섬 야영장;y
3903;100567;마검포힐링캠핑장A;y
3904;100581;중앙캠핑장;y
3905;100848;풍덕 꽃가람 야영장;y
3906;101075;프라이빗캠핑장;y
3907;101084;청포대오토캠핑장;y
3908;101109;달산포진주캠핑장;y
3909;101128;이비가에프앤비야영장(A);y
3910;101404;도담캠핑;y
3911;101405;지구별캠프;y
3912;101406;여우별꽃캠핑장;y
3913;101407;황토와들꽃세상;y
3914;101408;서동생태관광지;y
3915;101409;옴파로스;y
3916;101410;문암해변캠핑장;y
3917;1550;삼봉자동차야영장;y
3918;1865;숲속의 쉼터;y
3919;2246;영천 구룡산 오토캠핑장;y
3920;266;고성 남산공원 오토캠핑장;y
3921;2775;양양죽도오토캠핑장;y
3922;3294;폴리파크카라반;y
3923;551;낙산해수욕장 야영장;y
3924;614;녹두장군 전봉준관;y
3925;7090;해걸음글램핑장;y
3926;7177;아트엔체험캠프;y
3927;7199;은하캠핑장;y
3928;7671;화진해수욕장마을번영회야영장;y
3929;7696;원포해수욕장 야영장;y
3930;7698;북분리해수욕장 야영장;y
3931;948;뜨란솔 캠핑장;y
3932;95;가창농원 야영장;y
3933;950;라라솔캠핑장;y
3934;953;라온 글램핑;y
3935;959;라파엘 펜션 글램핑장;y
3936;960;라포레캠핑장;y
3937;963;래미안밸리캠핑장;y
3938;964;랩도그빌애견캠핑장;y
3939;965;러브팜캠핑장;y
3940;966;러브팩토리펜션캠핑장;y
3941;971;렛츠고 강화캠핑;y
3942;974;로얄카바나;y
3943;975;로코코캠핑장;y
3944;977;로하스캠핑;y
3945;978;로하스캠핑장;y
3946;981;룩스글램핑앤팜;y
3947;982;룰루랄라 체험 캠핑장;y
3948;983;리버 카라반;y
3949;986;바누글램핑;y
3950;987;리버힐즈 캠핑장;y
3951;989;리스캐빈;y
3952;991;리앤파크;y
